amt,category,merchant,payment_method,distance_km,hour,is_international,cvv_matches,is_fraud
49.49,misc_net,Starbucks,Credit_Card,19.6,19,0,1,0
343.94,travel,Steam,Credit_Card,4286.19,19,1,0,1
31.88,misc_net,Starbucks,Digital_Wallet,16.7,8,0,1,0
9.58,gas_transport,Amazon,Credit_Card,15.0,8,0,1,0
45.05,gas_transport,Amazon,Credit_Card,2.58,14,0,1,0
79.06,grocery_pos,Chevron,Credit_Card,14.53,21,0,1,0
99.27,travel,Walmart,Credit_Card,29.52,15,0,1,0
579.62,travel,Amazon,Credit_Card,2175.71,7,1,0,1
76.42,grocery_pos,Amazon,Debit_Card,9.32,21,0,1,0
53.77,gas_transport,Amazon,Credit_Card,5.29,18,0,1,0
6221.4,misc_net,Steam,Wire_Transfer,342.35,11,1,0,1
16.61,grocery_pos,Starbucks,Credit_Card,19.96,18,0,1,0
1063.96,shopping_net,Starbucks,Digital_Wallet,43.19,2,0,0,1
5321.84,misc_net,Unknown_Foreign_Store,Wire_Transfer,470.24,16,1,0,1
30.15,entertainment,Chevron,Credit_Card,2.3,19,0,1,0
22.52,gas_transport,Starbucks,Credit_Card,13.74,8,0,1,0
20.83,entertainment,Starbucks,Credit_Card,23.53,14,0,1,0
4838.78,misc_net,Walmart,Wire_Transfer,348.32,14,1,0,1
469.05,travel,Steam,Credit_Card,1442.37,7,1,1,1
87.67,grocery_pos,Starbucks,Debit_Card,10.79,14,0,1,0
38.27,gas_transport,Amazon,Credit_Card,15.85,10,0,1,0
20.09,gas_transport,Starbucks,Credit_Card,2.04,16,0,1,0
35.85,gas_transport,Chevron,Debit_Card,10.87,13,0,1,0
283.61,travel,Amazon,Credit_Card,3379.53,18,1,0,1
3808.79,misc_net,Unknown_Foreign_Store,Wire_Transfer,359.12,15,1,1,1
141.26,travel,Delta Air,Credit_Card,1557.63,11,1,0,1
3023.36,misc_net,Delta Air,Wire_Transfer,447.78,14,1,1,1
47.78,gas_transport,Chevron,Debit_Card,17.65,14,0,1,0
69.98,gas_transport,Walmart,Credit_Card,13.56,19,0,1,0
298.74,travel,Amazon,Credit_Card,3606.3,3,1,1,1
44.42,grocery_pos,Chevron,Credit_Card,18.2,10,0,1,0
50.74,grocery_pos,Starbucks,Credit_Card,18.06,15,0,1,0
64.92,gas_transport,Chevron,Credit_Card,14.32,20,0,1,0
40.16,gas_transport,Starbucks,Debit_Card,22.14,13,0,1,0
53.94,grocery_pos,Chevron,Digital_Wallet,28.36,9,0,1,0
5500.11,misc_net,Walmart,Wire_Transfer,447.9,13,1,0,1
57.92,entertainment,Starbucks,Credit_Card,20.03,18,0,1,0
128.73,travel,Starbucks,Credit_Card,1794.86,9,1,0,1
1315.0,shopping_net,Unknown_Foreign_Store,Digital_Wallet,26.48,1,0,1,1
5646.29,misc_net,Chevron,Wire_Transfer,349.76,14,1,1,1
377.21,travel,Starbucks,Credit_Card,3599.1,14,1,0,1
648.01,travel,Unknown_Foreign_Store,Credit_Card,2436.57,2,1,1,1
4750.08,misc_net,Amazon,Wire_Transfer,393.66,9,1,1,1
13.68,grocery_pos,Walmart,Credit_Card,15.12,12,0,1,0
78.7,entertainment,Chevron,Credit_Card,2.77,12,0,1,0
1124.76,shopping_net,Steam,Digital_Wallet,28.3,1,0,1,1
20.32,grocery_pos,Walmart,Debit_Card,13.45,12,0,1,0
43.44,misc_net,Chevron,Credit_Card,27.84,18,0,1,0
5231.94,misc_net,Walmart,Wire_Transfer,490.99,15,1,0,1
334.97,travel,Chevron,Credit_Card,4178.06,12,1,1,1
921.26,shopping_net,Amazon,Digital_Wallet,41.39,1,0,0,1
1218.04,shopping_net,Starbucks,Digital_Wallet,11.16,1,0,1,1
59.22,gas_transport,Starbucks,Credit_Card,27.95,12,0,1,0
449.1,travel,Chevron,Credit_Card,3303.53,2,1,0,1
84.34,entertainment,Amazon,Credit_Card,25.61,8,0,1,0
1621.01,shopping_net,Steam,Digital_Wallet,18.25,23,0,0,1
71.39,travel,Amazon,Credit_Card,28.81,16,0,1,0
32.25,shopping_net,Amazon,Debit_Card,8.35,12,0,1,0
4761.38,misc_net,Starbucks,Wire_Transfer,404.79,13,1,0,1
1141.94,shopping_net,Delta Air,Digital_Wallet,32.12,0,0,0,1
43.41,travel,Starbucks,Credit_Card,21.38,21,0,1,0
482.71,travel,Steam,Credit_Card,4016.52,0,1,1,1
937.33,shopping_net,Chevron,Digital_Wallet,48.06,1,0,0,1
536.5,travel,Amazon,Credit_Card,3348.45,21,1,1,1
3089.23,misc_net,Amazon,Wire_Transfer,460.06,9,1,1,1
81.15,grocery_pos,Chevron,Credit_Card,2.46,15,0,1,0
1071.86,travel,Unknown_Foreign_Store,Credit_Card,690.59,2,1,0,1
67.68,shopping_net,Walmart,Debit_Card,4.93,16,0,1,0
145.53,travel,Chevron,Credit_Card,4943.12,10,1,1,1
68.49,entertainment,Chevron,Credit_Card,0.75,15,0,1,0
15.01,misc_net,Starbucks,Credit_Card,16.12,13,0,1,0
4570.04,misc_net,Amazon,Wire_Transfer,377.25,14,1,1,1
46.78,misc_net,Starbucks,Credit_Card,6.18,21,0,1,0
49.37,gas_transport,Chevron,Credit_Card,13.28,8,0,1,0
160.27,travel,Walmart,Credit_Card,1149.14,16,1,1,1
897.6,shopping_net,Unknown_Foreign_Store,Digital_Wallet,42.36,23,0,0,1
781.14,shopping_net,Starbucks,Digital_Wallet,43.81,23,0,0,1
5934.14,misc_net,Starbucks,Wire_Transfer,400.73,10,1,1,1
899.92,shopping_net,Steam,Digital_Wallet,38.58,0,0,1,1
750.22,travel,Unknown_Foreign_Store,Credit_Card,2242.67,20,1,1,1
5827.66,misc_net,Unknown_Foreign_Store,Wire_Transfer,238.01,9,1,0,1
33.04,travel,Delta Air,Credit_Card,1896.21,14,1,0,1
652.63,travel,Amazon,Credit_Card,4912.43,14,1,1,1
319.25,travel,Amazon,Credit_Card,1860.66,4,1,0,1
6.97,grocery_pos,Amazon,Credit_Card,8.97,11,0,1,0
21.89,gas_transport,Amazon,Credit_Card,15.51,11,0,1,0
1520.36,shopping_net,Steam,Digital_Wallet,40.48,0,0,0,1
365.29,travel,Chevron,Credit_Card,4066.39,10,1,1,1
6182.89,misc_net,Starbucks,Wire_Transfer,295.84,12,1,1,1
69.25,grocery_pos,Chevron,Credit_Card,22.99,18,0,1,0
489.74,travel,Delta Air,Credit_Card,4261.04,11,1,0,1
66.7,gas_transport,Chevron,Credit_Card,21.05,15,0,1,0
1531.28,shopping_net,Unknown_Foreign_Store,Digital_Wallet,37.66,2,0,0,1
33.2,shopping_net,Amazon,Credit_Card,13.76,11,0,1,0
107.47,grocery_pos,Chevron,Credit_Card,17.59,14,0,1,0
537.35,travel,Starbucks,Credit_Card,2723.45,0,1,1,1
6030.01,misc_net,Chevron,Wire_Transfer,139.86,10,1,1,1
3579.66,misc_net,Unknown_Foreign_Store,Wire_Transfer,271.36,13,1,1,1
2.9,travel,Chevron,Credit_Card,21.42,18,0,1,0
97.12,grocery_pos,Starbucks,Credit_Card,9.62,8,0,1,0
63.84,misc_net,Walmart,Credit_Card,3.45,14,0,1,0
379.95,travel,Chevron,Credit_Card,4992.59,9,1,0,1
54.89,travel,Amazon,Debit_Card,8.92,19,0,1,0
5281.6,misc_net,Chevron,Wire_Transfer,267.04,12,1,1,1
412.12,travel,Chevron,Credit_Card,1667.6,6,1,0,1
98.6,gas_transport,Amazon,Digital_Wallet,21.58,10,0,1,0
426.03,travel,Steam,Credit_Card,4601.33,4,1,0,1
47.13,gas_transport,Amazon,Credit_Card,18.97,18,0,1,0
36.74,gas_transport,Chevron,Debit_Card,28.29,12,0,1,0
5345.09,misc_net,Amazon,Wire_Transfer,365.04,10,1,1,1
4188.39,misc_net,Amazon,Wire_Transfer,400.75,15,1,1,1
4721.01,misc_net,Delta Air,Wire_Transfer,131.36,10,1,0,1
47.07,entertainment,Starbucks,Credit_Card,25.71,8,0,1,0
56.08,gas_transport,Chevron,Credit_Card,14.06,16,0,1,0
69.9,gas_transport,Starbucks,Debit_Card,28.25,12,0,1,0
6174.81,misc_net,Steam,Wire_Transfer,275.46,13,1,1,1
20.01,travel,Starbucks,Credit_Card,6.62,17,0,1,0
3438.96,misc_net,Walmart,Wire_Transfer,174.48,9,1,0,1
42.62,travel,Chevron,Credit_Card,9.68,11,0,1,0
522.2,travel,Starbucks,Credit_Card,2074.43,5,1,1,1
48.71,misc_net,Starbucks,Digital_Wallet,3.22,17,0,1,0
173.83,travel,Chevron,Credit_Card,2521.09,3,1,1,1
57.36,gas_transport,Starbucks,Credit_Card,4.38,20,0,1,0
231.27,travel,Steam,Credit_Card,1744.21,10,1,1,1
76.23,grocery_pos,Amazon,Credit_Card,28.18,8,0,1,0
32.92,grocery_pos,Amazon,Credit_Card,10.04,15,0,1,0
5002.9,misc_net,Starbucks,Wire_Transfer,485.68,13,1,1,1
5428.82,misc_net,Delta Air,Wire_Transfer,134.27,14,1,0,1
4452.78,misc_net,Amazon,Wire_Transfer,392.52,9,1,1,1
6335.47,misc_net,Starbucks,Wire_Transfer,260.7,14,1,1,1
5740.33,misc_net,Walmart,Wire_Transfer,119.92,13,1,0,1
43.77,travel,Chevron,Credit_Card,14.34,10,0,1,0
408.19,travel,Walmart,Credit_Card,1806.85,15,1,1,1
58.74,gas_transport,Walmart,Debit_Card,19.86,18,0,1,0
19.25,gas_transport,Amazon,Debit_Card,19.08,12,0,1,0
99.18,entertainment,Amazon,Credit_Card,10.71,18,0,1,0
67.49,entertainment,Chevron,Credit_Card,26.34,14,0,1,0
1588.39,shopping_net,Steam,Digital_Wallet,17.22,1,0,1,1
987.73,shopping_net,Chevron,Digital_Wallet,19.35,2,0,1,1
1415.93,shopping_net,Steam,Digital_Wallet,12.15,1,0,0,1
26.94,misc_net,Chevron,Debit_Card,28.43,11,0,1,0
5135.12,misc_net,Starbucks,Wire_Transfer,273.36,10,1,1,1
46.05,shopping_net,Amazon,Debit_Card,14.71,21,0,1,0
60.22,grocery_pos,Walmart,Credit_Card,28.88,15,0,1,0
4824.04,misc_net,Delta Air,Wire_Transfer,458.6,10,1,0,1
35.53,gas_transport,Chevron,Credit_Card,18.38,17,0,1,0
518.36,shopping_net,Unknown_Foreign_Store,Digital_Wallet,12.88,0,0,0,1
21.5,gas_transport,Walmart,Debit_Card,7.1,12,0,1,0
57.62,shopping_net,Walmart,Digital_Wallet,13.55,21,0,1,0
4.86,shopping_net,Amazon,Credit_Card,29.89,19,0,1,0
56.11,grocery_pos,Chevron,Credit_Card,19.18,8,0,1,0
33.91,travel,Walmart,Credit_Card,15.2,13,0,1,0
62.32,grocery_pos,Walmart,Credit_Card,26.77,15,0,1,0
14.58,grocery_pos,Amazon,Credit_Card,11.31,15,0,1,0
974.73,shopping_net,Walmart,Digital_Wallet,26.88,23,0,0,1
1119.39,shopping_net,Unknown_Foreign_Store,Digital_Wallet,38.28,2,0,1,1
76.34,entertainment,Starbucks,Digital_Wallet,25.47,20,0,1,0
736.66,shopping_net,Steam,Digital_Wallet,45.93,0,0,1,1
1515.1,shopping_net,Walmart,Digital_Wallet,41.49,0,0,0,1
3890.16,misc_net,Walmart,Wire_Transfer,350.55,10,1,1,1
62.09,entertainment,Chevron,Debit_Card,6.95,12,0,1,0
-10.91,gas_transport,Amazon,Debit_Card,28.14,17,0,1,0
5.25,gas_transport,Chevron,Debit_Card,18.05,9,0,1,0
77.26,shopping_net,Starbucks,Credit_Card,25.93,18,0,1,0
3457.81,misc_net,Chevron,Wire_Transfer,397.01,14,1,0,1
5231.02,misc_net,Steam,Wire_Transfer,241.63,10,1,0,1
67.83,grocery_pos,Amazon,Debit_Card,28.95,9,0,1,0
41.74,grocery_pos,Starbucks,Debit_Card,2.63,15,0,1,0
13.88,travel,Amazon,Debit_Card,10.8,9,0,1,0
56.79,grocery_pos,Walmart,Debit_Card,23.81,15,0,1,0
829.36,shopping_net,Delta Air,Digital_Wallet,37.25,2,0,1,1
55.25,grocery_pos,Amazon,Debit_Card,5.92,11,0,1,0
519.43,travel,Delta Air,Credit_Card,4299.47,23,1,1,1
52.17,misc_net,Starbucks,Credit_Card,24.21,12,0,1,0
27.07,travel,Amazon,Credit_Card,17.44,16,0,1,0
1818.1,shopping_net,Chevron,Digital_Wallet,8.16,1,0,1,1
45.77,grocery_pos,Walmart,Debit_Card,22.41,10,0,1,0
470.81,travel,Delta Air,Credit_Card,3916.71,21,1,0,1
280.3,travel,Amazon,Credit_Card,3936.13,12,1,1,1
5270.33,misc_net,Amazon,Wire_Transfer,488.87,10,1,0,1
35.36,gas_transport,Chevron,Debit_Card,21.51,12,0,1,0
4.53,travel,Amazon,Debit_Card,4.9,19,0,1,0
291.26,travel,Steam,Credit_Card,4775.56,11,1,0,1
448.19,travel,Walmart,Credit_Card,4007.15,14,1,1,1
34.12,grocery_pos,Walmart,Credit_Card,10.08,19,0,1,0
817.24,shopping_net,Amazon,Digital_Wallet,25.36,0,0,1,1
1330.78,shopping_net,Steam,Digital_Wallet,47.02,0,0,1,1
63.47,grocery_pos,Starbucks,Credit_Card,26.29,14,0,1,0
510.73,travel,Delta Air,Credit_Card,4692.03,7,1,1,1
5811.45,misc_net,Walmart,Wire_Transfer,388.33,13,1,0,1
5236.22,misc_net,Delta Air,Wire_Transfer,319.34,10,1,0,1
-8.84,gas_transport,Amazon,Credit_Card,19.1,8,0,1,0
29.92,gas_transport,Chevron,Credit_Card,23.15,15,0,1,0
66.96,gas_transport,Starbucks,Debit_Card,0.83,17,0,1,0
3947.13,misc_net,Steam,Wire_Transfer,176.68,10,1,1,1
2.07,shopping_net,Walmart,Credit_Card,24.66,14,0,1,0
5566.98,misc_net,Starbucks,Wire_Transfer,336.59,15,1,1,1
1144.98,shopping_net,Starbucks,Digital_Wallet,9.19,0,0,1,1
476.11,travel,Chevron,Credit_Card,2101.73,14,1,0,1
1607.91,shopping_net,Delta Air,Digital_Wallet,38.67,1,0,1,1
4.02,misc_net,Starbucks,Debit_Card,7.74,18,0,1,0
41.43,grocery_pos,Walmart,Debit_Card,19.06,9,0,1,0
1337.72,shopping_net,Starbucks,Digital_Wallet,26.22,2,0,0,1
16.52,gas_transport,Walmart,Credit_Card,22.3,8,0,1,0
259.25,travel,Steam,Credit_Card,4741.73,21,1,0,1
61.13,gas_transport,Starbucks,Digital_Wallet,18.71,9,0,1,0
1530.81,shopping_net,Chevron,Digital_Wallet,42.4,1,0,0,1
45.62,misc_net,Starbucks,Debit_Card,27.01,20,0,1,0
191.57,travel,Walmart,Credit_Card,696.03,18,1,0,1
6861.91,misc_net,Unknown_Foreign_Store,Wire_Transfer,319.74,12,1,1,1
733.83,shopping_net,Amazon,Digital_Wallet,6.38,1,0,1,1
88.37,gas_transport,Starbucks,Credit_Card,24.5,8,0,1,0
5486.62,misc_net,Unknown_Foreign_Store,Wire_Transfer,470.91,9,1,0,1
6230.48,misc_net,Starbucks,Wire_Transfer,324.89,12,1,1,1
75.32,grocery_pos,Walmart,Debit_Card,27.13,14,0,1,0
503.52,travel,Delta Air,Credit_Card,1513.05,11,1,1,1
988.24,shopping_net,Unknown_Foreign_Store,Digital_Wallet,41.8,2,0,1,1
416.5,travel,Delta Air,Credit_Card,2182.08,5,1,1,1
48.17,grocery_pos,Walmart,Credit_Card,13.4,9,0,1,0
6130.87,misc_net,Starbucks,Wire_Transfer,133.92,11,1,0,1
18.53,travel,Starbucks,Digital_Wallet,19.55,14,0,1,0
62.93,misc_net,Walmart,Credit_Card,2.06,8,0,1,0
1379.96,shopping_net,Walmart,Digital_Wallet,48.59,1,0,1,1
311.46,travel,Starbucks,Credit_Card,4335.06,20,1,0,1
23.52,travel,Amazon,Credit_Card,14.9,17,0,1,0
1174.28,shopping_net,Chevron,Digital_Wallet,25.33,1,0,1,1
54.17,gas_transport,Starbucks,Digital_Wallet,22.05,12,0,1,0
25.23,travel,Amazon,Credit_Card,7.64,20,0,1,0
32.12,misc_net,Starbucks,Digital_Wallet,13.12,11,0,1,0
913.85,shopping_net,Chevron,Digital_Wallet,35.22,1,0,0,1
59.1,gas_transport,Walmart,Credit_Card,29.86,12,0,1,0
1181.83,shopping_net,Chevron,Digital_Wallet,46.72,0,0,1,1
24.09,grocery_pos,Amazon,Credit_Card,25.82,11,0,1,0
32.45,gas_transport,Chevron,Credit_Card,5.68,12,0,1,0
1113.99,shopping_net,Delta Air,Digital_Wallet,32.03,2,0,0,1
508.85,travel,Steam,Credit_Card,3756.86,22,1,1,1
14.76,grocery_pos,Amazon,Credit_Card,5.21,9,0,1,0
35.67,travel,Walmart,Digital_Wallet,6.71,20,0,1,0
7.19,grocery_pos,Walmart,Credit_Card,10.26,17,0,1,0
66.41,gas_transport,Starbucks,Credit_Card,20.14,14,0,1,0
1716.63,shopping_net,Steam,Digital_Wallet,33.57,0,0,1,1
28.52,grocery_pos,Amazon,Debit_Card,20.58,12,0,1,0
46.22,gas_transport,Starbucks,Credit_Card,28.25,17,0,1,0
17.59,grocery_pos,Walmart,Digital_Wallet,18.13,13,0,1,0
22.57,gas_transport,Chevron,Credit_Card,19.2,21,0,1,0
1453.47,shopping_net,Starbucks,Digital_Wallet,47.46,0,0,0,1
4580.97,misc_net,Walmart,Wire_Transfer,226.26,12,1,1,1
22.54,grocery_pos,Starbucks,Credit_Card,6.98,19,0,1,0
52.09,misc_net,Starbucks,Credit_Card,10.36,17,0,1,0
727.22,shopping_net,Chevron,Digital_Wallet,28.75,23,0,1,1
4260.53,misc_net,Starbucks,Wire_Transfer,382.36,14,1,0,1
1196.22,shopping_net,Delta Air,Digital_Wallet,41.2,0,0,0,1
37.3,grocery_pos,Chevron,Credit_Card,10.92,9,0,1,0
54.32,shopping_net,Walmart,Debit_Card,10.1,20,0,1,0
5799.29,misc_net,Steam,Wire_Transfer,382.81,14,1,1,1
1225.64,shopping_net,Chevron,Digital_Wallet,23.55,0,0,0,1
286.11,travel,Delta Air,Credit_Card,1135.91,6,1,0,1
345.45,travel,Steam,Credit_Card,3224.37,22,1,0,1
10.28,shopping_net,Walmart,Debit_Card,22.68,14,0,1,0
36.25,gas_transport,Amazon,Debit_Card,14.09,15,0,1,0
5240.02,misc_net,Starbucks,Wire_Transfer,308.07,14,1,1,1
54.85,travel,Starbucks,Digital_Wallet,6.27,17,0,1,0
87.78,travel,Amazon,Credit_Card,22.51,14,0,1,0
9.09,gas_transport,Starbucks,Credit_Card,10.45,13,0,1,0
1064.62,shopping_net,Steam,Digital_Wallet,49.17,0,0,1,1
414.67,travel,Chevron,Credit_Card,4941.54,10,1,0,1
822.37,shopping_net,Amazon,Digital_Wallet,12.87,2,0,0,1
65.83,travel,Walmart,Credit_Card,9.61,10,0,1,0
36.83,gas_transport,Amazon,Debit_Card,4.84,21,0,1,0
5036.66,misc_net,Unknown_Foreign_Store,Wire_Transfer,236.68,10,1,0,1
514.18,travel,Steam,Credit_Card,2302.75,15,1,1,1
210.18,shopping_net,Amazon,Digital_Wallet,36.14,23,0,0,1
4344.03,misc_net,Starbucks,Wire_Transfer,256.9,15,1,1,1
6858.41,misc_net,Chevron,Wire_Transfer,189.67,9,1,0,1
446.93,shopping_net,Steam,Digital_Wallet,47.23,23,0,1,1
5113.61,misc_net,Amazon,Wire_Transfer,380.07,15,1,0,1
1102.67,shopping_net,Amazon,Digital_Wallet,8.42,2,0,1,1
58.91,grocery_pos,Starbucks,Debit_Card,26.98,8,0,1,0
33.79,shopping_net,Amazon,Debit_Card,9.07,15,0,1,0
39.42,grocery_pos,Starbucks,Credit_Card,17.26,20,0,1,0
30.37,travel,Walmart,Digital_Wallet,9.47,10,0,1,0
49.76,entertainment,Walmart,Digital_Wallet,28.93,8,0,1,0
454.29,travel,Delta Air,Credit_Card,2419.81,6,1,1,1
16.94,shopping_net,Chevron,Credit_Card,13.37,9,0,1,0
465.35,travel,Starbucks,Credit_Card,1509.91,8,1,1,1
833.85,shopping_net,Amazon,Digital_Wallet,12.96,1,0,1,1
28.85,grocery_pos,Starbucks,Debit_Card,22.75,15,0,1,0
1363.61,shopping_net,Delta Air,Digital_Wallet,28.67,0,0,1,1
28.83,gas_transport,Amazon,Credit_Card,2.63,13,0,1,0
900.06,shopping_net,Amazon,Digital_Wallet,8.37,0,0,1,1
1526.08,shopping_net,Steam,Digital_Wallet,5.54,2,0,0,1
45.53,travel,Chevron,Credit_Card,8.72,19,0,1,0
1231.84,shopping_net,Amazon,Digital_Wallet,33.76,23,0,1,1
46.53,gas_transport,Walmart,Credit_Card,5.41,20,0,1,0
79.06,shopping_net,Chevron,Credit_Card,4.52,11,0,1,0
17.79,grocery_pos,Amazon,Credit_Card,8.96,21,0,1,0
24.76,gas_transport,Walmart,Digital_Wallet,22.51,10,0,1,0
38.93,gas_transport,Starbucks,Credit_Card,13.63,8,0,1,0
6211.79,misc_net,Amazon,Wire_Transfer,337.24,14,1,1,1
30.39,shopping_net,Amazon,Debit_Card,15.15,19,0,1,0
52.56,grocery_pos,Chevron,Debit_Card,13.22,11,0,1,0
10.83,entertainment,Chevron,Digital_Wallet,23.4,9,0,1,0
994.74,shopping_net,Unknown_Foreign_Store,Digital_Wallet,22.76,23,0,1,1
121.55,travel,Walmart,Debit_Card,3.3,18,0,1,0
3701.2,misc_net,Walmart,Wire_Transfer,418.69,15,1,0,1
1834.68,shopping_net,Unknown_Foreign_Store,Digital_Wallet,13.36,23,0,0,1
49.29,entertainment,Walmart,Credit_Card,24.0,12,0,1,0
1176.05,shopping_net,Chevron,Digital_Wallet,25.34,23,0,1,1
966.38,shopping_net,Walmart,Digital_Wallet,26.69,2,0,1,1
7259.6,misc_net,Amazon,Wire_Transfer,301.42,15,1,0,1
524.25,travel,Walmart,Credit_Card,1493.11,23,1,0,1
45.71,gas_transport,Starbucks,Debit_Card,9.49,16,0,1,0
1066.51,shopping_net,Amazon,Digital_Wallet,28.15,23,0,1,1
27.14,grocery_pos,Starbucks,Credit_Card,21.0,20,0,1,0
65.74,gas_transport,Amazon,Credit_Card,13.25,19,0,1,0
24.79,grocery_pos,Chevron,Credit_Card,3.12,13,0,1,0
49.73,gas_transport,Amazon,Credit_Card,18.8,19,0,1,0
13.01,grocery_pos,Walmart,Credit_Card,15.37,16,0,1,0
6658.26,misc_net,Walmart,Wire_Transfer,124.03,15,1,1,1
374.93,travel,Starbucks,Credit_Card,4016.85,18,1,1,1
40.72,gas_transport,Walmart,Credit_Card,9.97,10,0,1,0
392.36,travel,Amazon,Credit_Card,4395.37,1,1,0,1
424.76,travel,Delta Air,Credit_Card,2478.01,16,1,0,1
72.43,grocery_pos,Amazon,Credit_Card,7.39,8,0,1,0
896.45,shopping_net,Unknown_Foreign_Store,Digital_Wallet,8.54,0,0,1,1
23.62,gas_transport,Walmart,Credit_Card,10.93,17,0,1,0
326.51,travel,Steam,Credit_Card,3050.69,18,1,0,1
62.85,grocery_pos,Starbucks,Credit_Card,17.53,13,0,1,0
41.51,travel,Chevron,Digital_Wallet,3.77,21,0,1,0
-2.22,shopping_net,Chevron,Digital_Wallet,28.79,18,0,1,0
25.67,misc_net,Chevron,Credit_Card,10.98,16,0,1,0
28.54,travel,Amazon,Debit_Card,4.62,15,0,1,0
70.6,grocery_pos,Starbucks,Credit_Card,19.79,18,0,1,0
170.55,travel,Unknown_Foreign_Store,Credit_Card,4882.73,3,1,1,1
1211.07,shopping_net,Walmart,Digital_Wallet,31.15,0,0,0,1
452.01,travel,Delta Air,Credit_Card,597.38,0,1,1,1
4811.01,misc_net,Starbucks,Wire_Transfer,285.79,9,1,1,1
8.28,travel,Chevron,Debit_Card,3.82,16,0,1,0
278.54,travel,Walmart,Credit_Card,4163.81,5,1,0,1
1540.69,shopping_net,Steam,Digital_Wallet,12.76,0,0,1,1
117.29,gas_transport,Starbucks,Debit_Card,4.64,8,0,1,0
51.77,gas_transport,Starbucks,Debit_Card,29.65,9,0,1,0
661.42,travel,Amazon,Credit_Card,3306.38,23,1,0,1
1434.63,shopping_net,Unknown_Foreign_Store,Digital_Wallet,22.19,2,0,1,1
4616.01,misc_net,Amazon,Wire_Transfer,355.61,15,1,1,1
32.38,misc_net,Chevron,Credit_Card,14.13,14,0,1,0
51.2,gas_transport,Walmart,Credit_Card,4.88,9,0,1,0
44.88,misc_net,Starbucks,Debit_Card,7.72,18,0,1,0
38.65,entertainment,Amazon,Credit_Card,8.4,15,0,1,0
36.8,grocery_pos,Amazon,Credit_Card,13.11,21,0,1,0
5074.68,misc_net,Steam,Wire_Transfer,387.38,14,1,1,1
406.12,travel,Delta Air,Credit_Card,2119.24,19,1,1,1
37.41,entertainment,Starbucks,Credit_Card,3.62,11,0,1,0
4113.87,misc_net,Amazon,Wire_Transfer,297.07,13,1,1,1
30.84,grocery_pos,Amazon,Debit_Card,21.96,9,0,1,0
70.72,travel,Walmart,Credit_Card,27.51,21,0,1,0
423.34,travel,Unknown_Foreign_Store,Credit_Card,4771.3,14,1,1,1
5411.52,misc_net,Walmart,Wire_Transfer,402.18,11,1,1,1
44.4,grocery_pos,Chevron,Credit_Card,21.08,20,0,1,0
98.72,shopping_net,Walmart,Debit_Card,12.9,13,0,1,0
37.36,shopping_net,Chevron,Digital_Wallet,16.07,14,0,1,0
35.29,grocery_pos,Starbucks,Credit_Card,21.03,14,0,1,0
37.23,grocery_pos,Starbucks,Debit_Card,25.41,18,0,1,0
83.93,grocery_pos,Amazon,Credit_Card,0.5,17,0,1,0
1127.7,shopping_net,Unknown_Foreign_Store,Digital_Wallet,37.6,23,0,1,1
57.65,shopping_net,Chevron,Credit_Card,20.57,20,0,1,0
45.83,gas_transport,Chevron,Digital_Wallet,24.73,9,0,1,0
35.48,grocery_pos,Chevron,Credit_Card,17.69,8,0,1,0
32.68,misc_net,Amazon,Credit_Card,10.96,17,0,1,0
39.69,gas_transport,Chevron,Credit_Card,14.85,16,0,1,0
31.28,grocery_pos,Amazon,Credit_Card,14.26,15,0,1,0
74.15,gas_transport,Walmart,Debit_Card,28.86,8,0,1,0
928.37,shopping_net,Starbucks,Digital_Wallet,14.12,2,0,0,1
60.23,misc_net,Amazon,Credit_Card,10.01,10,0,1,0
27.11,grocery_pos,Starbucks,Digital_Wallet,8.25,11,0,1,0
5913.11,misc_net,Chevron,Wire_Transfer,328.04,14,1,0,1
496.22,travel,Delta Air,Credit_Card,2329.42,11,1,1,1
1576.6,shopping_net,Delta Air,Digital_Wallet,39.72,1,0,0,1
588.44,travel,Starbucks,Credit_Card,2745.87,9,1,1,1
75.23,gas_transport,Chevron,Debit_Card,25.99,19,0,1,0
5480.18,misc_net,Unknown_Foreign_Store,Wire_Transfer,441.95,15,1,1,1
4781.08,misc_net,Starbucks,Wire_Transfer,161.48,15,1,1,1
28.49,entertainment,Walmart,Credit_Card,14.27,8,0,1,0
58.56,shopping_net,Amazon,Credit_Card,12.3,19,0,1,0
17.76,grocery_pos,Amazon,Credit_Card,7.94,19,0,1,0
94.92,grocery_pos,Amazon,Credit_Card,18.43,16,0,1,0
53.56,entertainment,Chevron,Debit_Card,3.03,12,0,1,0
558.3,travel,Walmart,Credit_Card,3990.31,7,1,0,1
61.51,grocery_pos,Chevron,Debit_Card,5.94,14,0,1,0
49.99,grocery_pos,Starbucks,Credit_Card,20.59,15,0,1,0
506.18,travel,Steam,Credit_Card,3150.77,7,1,0,1
561.2,travel,Steam,Credit_Card,3019.04,21,1,1,1
301.76,travel,Starbucks,Credit_Card,3126.11,11,1,0,1
1151.15,shopping_net,Steam,Digital_Wallet,21.79,2,0,0,1
59.3,grocery_pos,Walmart,Credit_Card,27.27,14,0,1,0
35.99,entertainment,Chevron,Debit_Card,4.6,17,0,1,0
1090.68,shopping_net,Chevron,Digital_Wallet,49.74,23,0,1,1
630.83,travel,Unknown_Foreign_Store,Credit_Card,983.05,4,1,1,1
52.14,grocery_pos,Chevron,Debit_Card,2.17,21,0,1,0
30.42,grocery_pos,Chevron,Debit_Card,29.75,11,0,1,0
44.07,shopping_net,Chevron,Credit_Card,13.7,11,0,1,0
5860.18,misc_net,Walmart,Wire_Transfer,141.38,14,1,1,1
69.58,travel,Amazon,Debit_Card,9.76,14,0,1,0
49.16,shopping_net,Starbucks,Debit_Card,20.45,11,0,1,0
67.01,misc_net,Starbucks,Credit_Card,4.39,20,0,1,0
39.02,misc_net,Starbucks,Credit_Card,20.88,20,0,1,0
45.75,grocery_pos,Chevron,Credit_Card,25.34,19,0,1,0
105.86,grocery_pos,Starbucks,Credit_Card,9.47,10,0,1,0
62.47,grocery_pos,Walmart,Credit_Card,29.03,18,0,1,0
4306.78,misc_net,Amazon,Wire_Transfer,495.74,12,1,1,1
52.9,shopping_net,Walmart,Debit_Card,1.77,11,0,1,0
317.6,travel,Starbucks,Credit_Card,3451.25,15,1,0,1
501.58,travel,Amazon,Credit_Card,1369.05,10,1,1,1
1124.41,shopping_net,Steam,Digital_Wallet,49.58,2,0,0,1
40.81,misc_net,Starbucks,Credit_Card,15.38,14,0,1,0
1291.34,shopping_net,Delta Air,Digital_Wallet,10.9,2,0,0,1
63.51,gas_transport,Chevron,Credit_Card,22.61,19,0,1,0
280.49,travel,Delta Air,Credit_Card,1202.06,6,1,1,1
21.74,grocery_pos,Chevron,Credit_Card,11.04,10,0,1,0
42.69,misc_net,Walmart,Debit_Card,7.8,8,0,1,0
1283.06,shopping_net,Walmart,Digital_Wallet,37.97,23,0,1,1
24.92,entertainment,Starbucks,Debit_Card,28.95,15,0,1,0
4718.54,misc_net,Starbucks,Wire_Transfer,158.59,16,1,1,1
1171.46,shopping_net,Chevron,Digital_Wallet,32.71,23,0,0,1
1.0,travel,Delta Air,Credit_Card,3100.2,6,1,1,1
66.3,gas_transport,Amazon,Debit_Card,19.16,16,0,1,0
524.98,travel,Steam,Credit_Card,3716.59,17,1,1,1
70.98,grocery_pos,Chevron,Debit_Card,12.24,13,0,1,0
55.0,grocery_pos,Walmart,Credit_Card,21.29,17,0,1,0
42.63,grocery_pos,Amazon,Debit_Card,17.75,20,0,1,0
72.73,shopping_net,Walmart,Credit_Card,0.53,19,0,1,0
1299.72,shopping_net,Chevron,Digital_Wallet,7.7,0,0,0,1
5.71,shopping_net,Chevron,Credit_Card,9.77,14,0,1,0
48.01,grocery_pos,Amazon,Credit_Card,22.08,8,0,1,0
7231.5,misc_net,Delta Air,Wire_Transfer,374.7,15,1,1,1
7.77,gas_transport,Walmart,Debit_Card,20.55,13,0,1,0
34.63,travel,Chevron,Debit_Card,11.41,11,0,1,0
59.84,gas_transport,Starbucks,Debit_Card,23.0,13,0,1,0
4269.36,misc_net,Walmart,Wire_Transfer,463.79,13,1,0,1
74.74,shopping_net,Amazon,Credit_Card,25.95,8,0,1,0
3389.0,misc_net,Chevron,Wire_Transfer,138.82,13,1,0,1
58.59,gas_transport,Starbucks,Credit_Card,7.95,13,0,1,0
1481.29,shopping_net,Starbucks,Digital_Wallet,25.27,0,0,0,1
295.61,travel,Amazon,Credit_Card,3092.77,7,1,0,1
1050.81,shopping_net,Chevron,Digital_Wallet,16.36,1,0,1,1
253.7,travel,Walmart,Credit_Card,1799.83,20,1,0,1
34.26,grocery_pos,Walmart,Debit_Card,11.13,19,0,1,0
1214.95,shopping_net,Unknown_Foreign_Store,Digital_Wallet,30.28,0,0,1,1
2613.62,misc_net,Amazon,Wire_Transfer,224.01,9,1,0,1
38.81,gas_transport,Chevron,Credit_Card,29.38,9,0,1,0
5028.47,misc_net,Steam,Wire_Transfer,175.13,11,1,1,1
1114.96,shopping_net,Starbucks,Digital_Wallet,29.19,2,0,0,1
38.09,grocery_pos,Amazon,Debit_Card,2.72,21,0,1,0
7.24,shopping_net,Starbucks,Debit_Card,17.36,20,0,1,0
54.43,gas_transport,Starbucks,Credit_Card,17.2,10,0,1,0
5550.13,misc_net,Amazon,Wire_Transfer,102.96,15,1,1,1
161.65,travel,Amazon,Credit_Card,3473.28,6,1,1,1
4230.57,misc_net,Delta Air,Wire_Transfer,119.34,9,1,1,1
24.57,entertainment,Amazon,Debit_Card,17.46,15,0,1,0
427.34,travel,Chevron,Credit_Card,1205.75,20,1,1,1
1165.75,shopping_net,Starbucks,Digital_Wallet,16.88,1,0,1,1
8.54,entertainment,Chevron,Debit_Card,28.0,16,0,1,0
4468.79,misc_net,Starbucks,Wire_Transfer,163.97,10,1,1,1
6520.93,misc_net,Chevron,Wire_Transfer,143.06,13,1,1,1
267.9,travel,Starbucks,Credit_Card,3959.88,15,1,1,1
21.6,gas_transport,Walmart,Debit_Card,24.25,20,0,1,0
63.02,gas_transport,Walmart,Debit_Card,3.76,11,0,1,0
32.7,grocery_pos,Amazon,Debit_Card,28.4,19,0,1,0
5939.05,misc_net,Delta Air,Wire_Transfer,242.71,14,1,1,1
5977.9,misc_net,Starbucks,Wire_Transfer,330.26,15,1,0,1
321.02,travel,Starbucks,Credit_Card,814.16,6,1,1,1
51.37,grocery_pos,Starbucks,Digital_Wallet,8.63,12,0,1,0
974.02,shopping_net,Delta Air,Digital_Wallet,47.82,1,0,1,1
90.52,travel,Chevron,Digital_Wallet,2.28,12,0,1,0
5723.89,misc_net,Steam,Wire_Transfer,480.56,13,1,1,1
55.12,entertainment,Walmart,Credit_Card,10.25,10,0,1,0
65.03,grocery_pos,Amazon,Credit_Card,3.07,16,0,1,0
65.34,misc_net,Chevron,Debit_Card,4.79,11,0,1,0
487.81,travel,Starbucks,Credit_Card,2970.87,23,1,0,1
43.07,gas_transport,Starbucks,Digital_Wallet,26.1,20,0,1,0
40.8,gas_transport,Walmart,Credit_Card,20.13,21,0,1,0
413.82,travel,Starbucks,Credit_Card,1603.31,16,1,0,1
43.5,entertainment,Starbucks,Credit_Card,3.42,21,0,1,0
4417.47,misc_net,Delta Air,Wire_Transfer,369.56,13,1,1,1
24.69,misc_net,Starbucks,Debit_Card,8.78,18,0,1,0
57.03,grocery_pos,Starbucks,Credit_Card,14.17,16,0,1,0
67.59,grocery_pos,Starbucks,Credit_Card,10.59,13,0,1,0
983.9,shopping_net,Starbucks,Digital_Wallet,27.25,23,0,1,1
43.06,gas_transport,Chevron,Credit_Card,26.98,18,0,1,0
66.64,grocery_pos,Amazon,Debit_Card,8.76,20,0,1,0
3525.22,misc_net,Amazon,Wire_Transfer,473.84,16,1,0,1
28.68,grocery_pos,Amazon,Credit_Card,14.22,12,0,1,0
1489.84,shopping_net,Chevron,Digital_Wallet,23.91,2,0,1,1
30.32,gas_transport,Chevron,Credit_Card,20.72,15,0,1,0
4201.53,misc_net,Amazon,Wire_Transfer,257.68,16,1,1,1
20.42,entertainment,Amazon,Credit_Card,14.52,14,0,1,0
414.15,travel,Amazon,Credit_Card,2923.29,22,1,1,1
592.91,travel,Amazon,Credit_Card,2942.91,16,1,0,1
14.76,shopping_net,Chevron,Credit_Card,3.12,12,0,1,0
4810.94,misc_net,Starbucks,Wire_Transfer,307.52,9,1,0,1
1765.0,shopping_net,Unknown_Foreign_Store,Digital_Wallet,39.09,0,0,1,1
595.0,travel,Amazon,Credit_Card,1338.2,9,1,1,1
287.83,travel,Delta Air,Credit_Card,905.63,15,1,1,1
320.0,travel,Steam,Credit_Card,4594.12,19,1,1,1
32.21,gas_transport,Amazon,Digital_Wallet,26.47,16,0,1,0
4480.91,misc_net,Steam,Wire_Transfer,106.57,10,1,1,1
4707.41,misc_net,Steam,Wire_Transfer,499.16,14,1,1,1
38.41,travel,Chevron,Credit_Card,20.02,13,0,1,0
50.42,grocery_pos,Walmart,Credit_Card,21.64,13,0,1,0
58.52,shopping_net,Amazon,Debit_Card,14.18,13,0,1,0
431.19,travel,Delta Air,Credit_Card,976.46,17,1,1,1
47.52,gas_transport,Amazon,Digital_Wallet,26.29,13,0,1,0
87.95,grocery_pos,Starbucks,Digital_Wallet,8.54,11,0,1,0
922.6,shopping_net,Starbucks,Digital_Wallet,39.72,0,0,1,1
34.86,gas_transport,Chevron,Credit_Card,21.49,12,0,1,0
61.57,gas_transport,Starbucks,Credit_Card,2.89,8,0,1,0
4895.35,misc_net,Walmart,Wire_Transfer,223.77,12,1,1,1
32.15,entertainment,Walmart,Debit_Card,8.48,10,0,1,0
32.96,grocery_pos,Starbucks,Credit_Card,8.59,13,0,1,0
336.19,travel,Walmart,Credit_Card,1002.19,10,1,0,1
25.41,gas_transport,Amazon,Credit_Card,14.26,16,0,1,0
2269.88,misc_net,Starbucks,Wire_Transfer,132.09,16,1,0,1
75.26,misc_net,Amazon,Credit_Card,8.15,15,0,1,0
84.25,gas_transport,Amazon,Credit_Card,28.17,14,0,1,0
67.41,gas_transport,Starbucks,Debit_Card,27.84,15,0,1,0
1149.23,shopping_net,Chevron,Digital_Wallet,38.74,2,0,0,1
84.56,grocery_pos,Chevron,Debit_Card,7.51,11,0,1,0
166.37,travel,Amazon,Credit_Card,1108.58,13,1,1,1
241.62,travel,Steam,Credit_Card,4983.79,6,1,1,1
1194.94,shopping_net,Delta Air,Digital_Wallet,17.44,0,0,1,1
60.98,shopping_net,Walmart,Debit_Card,17.57,13,0,1,0
11.61,gas_transport,Amazon,Credit_Card,7.99,8,0,1,0
675.12,travel,Steam,Credit_Card,3169.57,17,1,1,1
32.88,travel,Starbucks,Credit_Card,23.79,14,0,1,0
5797.49,misc_net,Walmart,Wire_Transfer,482.4,9,1,0,1
80.18,grocery_pos,Starbucks,Credit_Card,23.45,17,0,1,0
3178.09,misc_net,Starbucks,Wire_Transfer,414.74,15,1,0,1
49.18,misc_net,Amazon,Credit_Card,16.0,20,0,1,0
38.45,gas_transport,Chevron,Credit_Card,20.29,8,0,1,0
102.41,grocery_pos,Walmart,Credit_Card,29.15,12,0,1,0
33.54,travel,Amazon,Credit_Card,29.09,12,0,1,0
209.03,travel,Unknown_Foreign_Store,Credit_Card,2665.63,5,1,0,1
42.41,grocery_pos,Amazon,Credit_Card,4.36,21,0,1,0
34.71,gas_transport,Starbucks,Credit_Card,19.23,12,0,1,0
361.17,travel,Delta Air,Credit_Card,4912.19,14,1,1,1
4345.82,misc_net,Chevron,Wire_Transfer,378.89,10,1,0,1
24.55,entertainment,Amazon,Debit_Card,27.57,13,0,1,0
46.26,entertainment,Chevron,Digital_Wallet,3.18,13,0,1,0
4819.3,misc_net,Delta Air,Wire_Transfer,484.24,9,1,0,1
5706.28,misc_net,Delta Air,Wire_Transfer,490.26,12,1,0,1
1038.94,shopping_net,Starbucks,Digital_Wallet,37.35,0,0,1,1
1313.36,shopping_net,Walmart,Digital_Wallet,49.81,1,0,0,1
12.22,gas_transport,Amazon,Credit_Card,20.79,13,0,1,0
6329.35,misc_net,Amazon,Wire_Transfer,195.09,16,1,1,1
52.9,misc_net,Starbucks,Credit_Card,5.92,11,0,1,0
45.27,gas_transport,Walmart,Digital_Wallet,10.01,9,0,1,0
43.87,gas_transport,Walmart,Debit_Card,15.54,21,0,1,0
6958.15,misc_net,Steam,Wire_Transfer,447.85,11,1,1,1
60.97,entertainment,Chevron,Credit_Card,15.19,13,0,1,0
2.32,gas_transport,Walmart,Credit_Card,2.94,10,0,1,0
5180.56,misc_net,Starbucks,Wire_Transfer,231.82,10,1,1,1
38.31,grocery_pos,Walmart,Credit_Card,6.77,10,0,1,0
1100.04,shopping_net,Walmart,Digital_Wallet,14.46,0,0,0,1
1211.2,shopping_net,Starbucks,Digital_Wallet,27.36,1,0,0,1
355.29,travel,Amazon,Credit_Card,525.6,8,1,1,1
5495.52,misc_net,Steam,Wire_Transfer,376.9,9,1,0,1
44.26,travel,Chevron,Credit_Card,8.76,20,0,1,0
6435.07,misc_net,Steam,Wire_Transfer,158.85,12,1,0,1
70.74,gas_transport,Chevron,Debit_Card,19.33,20,0,1,0
4600.58,misc_net,Delta Air,Wire_Transfer,203.88,12,1,1,1
52.03,grocery_pos,Walmart,Debit_Card,19.63,13,0,1,0
62.37,grocery_pos,Chevron,Debit_Card,28.62,11,0,1,0
43.22,grocery_pos,Walmart,Credit_Card,22.98,8,0,1,0
63.71,grocery_pos,Starbucks,Credit_Card,4.37,18,0,1,0
1374.41,shopping_net,Delta Air,Digital_Wallet,42.52,2,0,1,1
465.19,travel,Chevron,Credit_Card,3586.43,6,1,1,1
355.54,travel,Unknown_Foreign_Store,Credit_Card,1114.55,6,1,1,1
4843.7,misc_net,Amazon,Wire_Transfer,275.6,16,1,1,1
121.98,travel,Steam,Credit_Card,2020.29,2,1,0,1
44.55,grocery_pos,Walmart,Debit_Card,15.14,10,0,1,0
37.98,shopping_net,Amazon,Credit_Card,21.98,16,0,1,0
227.41,travel,Walmart,Credit_Card,2066.4,11,1,1,1
47.27,entertainment,Starbucks,Debit_Card,13.83,19,0,1,0
51.17,gas_transport,Walmart,Digital_Wallet,7.13,18,0,1,0
17.69,travel,Chevron,Debit_Card,7.69,21,0,1,0
10.46,shopping_net,Chevron,Credit_Card,22.16,17,0,1,0
1342.58,shopping_net,Steam,Digital_Wallet,19.69,1,0,1,1
3590.12,misc_net,Amazon,Wire_Transfer,162.94,9,1,1,1
27.62,travel,Amazon,Credit_Card,16.16,11,0,1,0
5572.3,misc_net,Delta Air,Wire_Transfer,330.3,14,1,0,1
48.16,grocery_pos,Chevron,Debit_Card,13.11,11,0,1,0
432.96,travel,Delta Air,Credit_Card,4942.92,16,1,1,1
1193.2,shopping_net,Starbucks,Digital_Wallet,43.61,23,0,1,1
567.33,travel,Starbucks,Credit_Card,858.67,14,1,1,1
19.47,shopping_net,Walmart,Debit_Card,4.54,21,0,1,0
1512.86,shopping_net,Unknown_Foreign_Store,Digital_Wallet,14.73,0,0,1,1
13.72,grocery_pos,Walmart,Credit_Card,1.51,11,0,1,0
68.1,misc_net,Amazon,Credit_Card,25.55,13,0,1,0
95.57,misc_net,Amazon,Credit_Card,19.35,12,0,1,0
4718.12,misc_net,Walmart,Wire_Transfer,121.33,15,1,0,1
43.13,gas_transport,Amazon,Debit_Card,10.7,11,0,1,0
3496.09,misc_net,Steam,Wire_Transfer,149.67,10,1,1,1
1612.86,shopping_net,Amazon,Digital_Wallet,27.05,0,0,1,1
5046.09,misc_net,Walmart,Wire_Transfer,228.2,13,1,0,1
-2.62,entertainment,Chevron,Credit_Card,15.12,15,0,1,0
4792.65,misc_net,Walmart,Wire_Transfer,168.79,15,1,1,1
49.17,entertainment,Walmart,Debit_Card,10.05,14,0,1,0
460.09,travel,Walmart,Credit_Card,3020.94,19,1,0,1
5977.94,misc_net,Delta Air,Wire_Transfer,346.03,15,1,0,1
4589.14,misc_net,Starbucks,Wire_Transfer,218.28,12,1,0,1
1023.99,shopping_net,Walmart,Digital_Wallet,23.24,0,0,0,1
1486.4,shopping_net,Walmart,Digital_Wallet,5.28,2,0,0,1
1317.73,shopping_net,Chevron,Digital_Wallet,44.01,0,0,1,1
44.24,misc_net,Starbucks,Credit_Card,22.68,9,0,1,0
36.74,grocery_pos,Walmart,Credit_Card,9.73,17,0,1,0
302.32,travel,Walmart,Credit_Card,4776.01,0,1,0,1
78.3,grocery_pos,Walmart,Credit_Card,27.09,16,0,1,0
1192.53,shopping_net,Steam,Digital_Wallet,23.43,0,0,0,1
5065.81,misc_net,Starbucks,Wire_Transfer,125.88,14,1,1,1
23.52,gas_transport,Chevron,Credit_Card,15.6,10,0,1,0
868.26,shopping_net,Starbucks,Digital_Wallet,28.48,1,0,0,1
58.09,grocery_pos,Starbucks,Digital_Wallet,21.8,20,0,1,0
17.99,misc_net,Amazon,Debit_Card,11.1,20,0,1,0
6124.41,misc_net,Starbucks,Wire_Transfer,159.62,11,1,0,1
43.54,gas_transport,Chevron,Credit_Card,6.26,21,0,1,0
3.99,grocery_pos,Starbucks,Credit_Card,26.64,14,0,1,0
5887.27,misc_net,Amazon,Wire_Transfer,234.74,15,1,1,1
69.51,gas_transport,Starbucks,Credit_Card,17.61,14,0,1,0
81.09,misc_net,Walmart,Credit_Card,25.01,8,0,1,0
426.93,travel,Starbucks,Credit_Card,2252.87,14,1,0,1
68.78,grocery_pos,Starbucks,Debit_Card,22.39,8,0,1,0
870.2,travel,Walmart,Credit_Card,2928.94,17,1,0,1
529.3,shopping_net,Walmart,Digital_Wallet,42.1,1,0,0,1
1006.98,shopping_net,Unknown_Foreign_Store,Digital_Wallet,45.25,0,0,0,1
14.55,entertainment,Amazon,Credit_Card,6.71,13,0,1,0
1460.17,shopping_net,Unknown_Foreign_Store,Digital_Wallet,32.7,23,0,0,1
342.99,travel,Starbucks,Credit_Card,3732.57,22,1,0,1
873.89,shopping_net,Amazon,Digital_Wallet,17.25,1,0,0,1
67.75,grocery_pos,Walmart,Credit_Card,4.76,15,0,1,0
370.13,travel,Chevron,Credit_Card,583.5,12,1,1,1
568.29,travel,Amazon,Credit_Card,4900.31,17,1,0,1
16.9,shopping_net,Walmart,Debit_Card,9.84,10,0,1,0
907.55,shopping_net,Walmart,Digital_Wallet,37.9,2,0,0,1
18.75,grocery_pos,Walmart,Credit_Card,20.49,14,0,1,0
5864.11,misc_net,Chevron,Wire_Transfer,176.53,13,1,1,1
6120.67,misc_net,Steam,Wire_Transfer,384.01,14,1,0,1
6932.42,misc_net,Steam,Wire_Transfer,206.7,9,1,1,1
4834.16,misc_net,Delta Air,Wire_Transfer,104.07,11,1,1,1
5234.17,misc_net,Steam,Wire_Transfer,299.31,10,1,1,1
6609.54,misc_net,Chevron,Wire_Transfer,249.93,14,1,0,1
6119.46,misc_net,Steam,Wire_Transfer,481.1,11,1,0,1
41.73,misc_net,Walmart,Credit_Card,12.05,18,0,1,0
22.59,grocery_pos,Amazon,Credit_Card,6.08,18,0,1,0
1387.32,shopping_net,Unknown_Foreign_Store,Digital_Wallet,30.38,1,0,0,1
432.41,travel,Unknown_Foreign_Store,Credit_Card,1078.48,2,1,0,1
677.34,travel,Delta Air,Credit_Card,3234.37,8,1,0,1
3870.94,misc_net,Delta Air,Wire_Transfer,315.83,11,1,1,1
5852.02,misc_net,Starbucks,Wire_Transfer,160.91,13,1,0,1
8.46,gas_transport,Chevron,Credit_Card,2.96,20,0,1,0
1325.82,shopping_net,Walmart,Digital_Wallet,21.22,23,0,1,1
1367.81,shopping_net,Starbucks,Digital_Wallet,37.45,1,0,0,1
49.37,gas_transport,Chevron,Digital_Wallet,5.69,11,0,1,0
50.69,entertainment,Starbucks,Credit_Card,2.62,21,0,1,0
729.71,travel,Walmart,Credit_Card,2863.72,8,1,1,1
29.15,entertainment,Walmart,Credit_Card,20.55,12,0,1,0
39.85,entertainment,Chevron,Debit_Card,25.76,13,0,1,0
957.84,shopping_net,Steam,Digital_Wallet,27.45,0,0,0,1
5568.48,misc_net,Starbucks,Wire_Transfer,396.31,15,1,0,1
34.4,entertainment,Walmart,Credit_Card,18.83,12,0,1,0
24.81,gas_transport,Chevron,Credit_Card,20.88,18,0,1,0
60.88,entertainment,Starbucks,Credit_Card,26.38,8,0,1,0
5241.08,misc_net,Chevron,Wire_Transfer,313.26,15,1,0,1
-1.66,shopping_net,Walmart,Digital_Wallet,2.53,14,0,1,0
48.09,gas_transport,Chevron,Credit_Card,9.48,9,0,1,0
30.83,gas_transport,Chevron,Credit_Card,14.41,18,0,1,0
4782.26,misc_net,Delta Air,Wire_Transfer,212.46,10,1,0,1
424.33,travel,Amazon,Credit_Card,1784.52,16,1,1,1
755.96,shopping_net,Walmart,Digital_Wallet,22.75,0,0,1,1
75.88,gas_transport,Walmart,Credit_Card,10.6,16,0,1,0
43.51,grocery_pos,Chevron,Credit_Card,2.09,17,0,1,0
5631.9,misc_net,Chevron,Wire_Transfer,306.91,11,1,1,1
54.75,travel,Amazon,Digital_Wallet,10.19,21,0,1,0
1035.56,shopping_net,Starbucks,Digital_Wallet,11.53,2,0,1,1
72.99,gas_transport,Chevron,Credit_Card,27.32,11,0,1,0
253.49,travel,Steam,Credit_Card,1815.71,21,1,1,1
27.61,travel,Starbucks,Credit_Card,18.47,13,0,1,0
89.73,shopping_net,Chevron,Credit_Card,25.92,20,0,1,0
16.97,misc_net,Starbucks,Credit_Card,10.54,17,0,1,0
36.44,travel,Walmart,Credit_Card,16.71,12,0,1,0
562.61,travel,Unknown_Foreign_Store,Credit_Card,4211.99,0,1,1,1
43.78,entertainment,Amazon,Credit_Card,25.07,20,0,1,0
4000.27,misc_net,Amazon,Wire_Transfer,258.3,15,1,1,1
1055.56,shopping_net,Amazon,Digital_Wallet,21.33,2,0,0,1
0.27,grocery_pos,Chevron,Credit_Card,27.09,20,0,1,0
4118.62,misc_net,Chevron,Wire_Transfer,129.53,11,1,1,1
0.37,grocery_pos,Walmart,Credit_Card,15.32,11,0,1,0
3654.27,misc_net,Steam,Wire_Transfer,333.91,16,1,1,1
1289.33,shopping_net,Walmart,Digital_Wallet,25.63,2,0,1,1
43.26,grocery_pos,Amazon,Credit_Card,2.07,15,0,1,0
1521.26,shopping_net,Delta Air,Digital_Wallet,14.94,1,0,0,1
19.0,gas_transport,Starbucks,Debit_Card,22.97,17,0,1,0
545.15,travel,Delta Air,Credit_Card,4032.45,2,1,1,1
572.06,travel,Starbucks,Credit_Card,3314.29,20,1,1,1
5.48,grocery_pos,Starbucks,Debit_Card,21.99,20,0,1,0
776.74,shopping_net,Chevron,Digital_Wallet,33.98,2,0,0,1
5677.15,misc_net,Unknown_Foreign_Store,Wire_Transfer,270.44,13,1,1,1
1179.92,shopping_net,Unknown_Foreign_Store,Digital_Wallet,12.98,1,0,1,1
4579.88,misc_net,Chevron,Wire_Transfer,224.57,10,1,0,1
1083.97,shopping_net,Delta Air,Digital_Wallet,12.17,2,0,1,1
539.98,travel,Chevron,Credit_Card,965.66,13,1,1,1
413.15,travel,Chevron,Credit_Card,3383.93,6,1,1,1
1403.99,shopping_net,Unknown_Foreign_Store,Digital_Wallet,18.18,23,0,1,1
28.95,entertainment,Starbucks,Debit_Card,29.6,18,0,1,0
37.19,grocery_pos,Chevron,Credit_Card,15.61,18,0,1,0
5628.08,misc_net,Starbucks,Wire_Transfer,126.88,9,1,1,1
339.65,travel,Starbucks,Credit_Card,1843.65,12,1,0,1
4848.03,misc_net,Delta Air,Wire_Transfer,266.48,14,1,1,1
50.81,gas_transport,Amazon,Debit_Card,26.82,14,0,1,0
58.8,shopping_net,Starbucks,Digital_Wallet,12.53,16,0,1,0
97.29,grocery_pos,Starbucks,Credit_Card,3.31,11,0,1,0
52.84,entertainment,Walmart,Credit_Card,19.42,20,0,1,0
58.89,grocery_pos,Walmart,Credit_Card,2.6,9,0,1,0
4.18,grocery_pos,Chevron,Debit_Card,24.16,12,0,1,0
6079.52,misc_net,Starbucks,Wire_Transfer,325.58,16,1,0,1
388.21,travel,Unknown_Foreign_Store,Credit_Card,3028.35,9,1,1,1
226.68,travel,Amazon,Credit_Card,2743.69,9,1,0,1
45.12,grocery_pos,Walmart,Digital_Wallet,23.62,18,0,1,0
4696.91,misc_net,Starbucks,Wire_Transfer,482.32,13,1,1,1
43.58,grocery_pos,Walmart,Digital_Wallet,10.4,9,0,1,0
22.71,shopping_net,Chevron,Debit_Card,17.22,21,0,1,0
27.76,misc_net,Walmart,Debit_Card,8.13,9,0,1,0
40.26,misc_net,Starbucks,Credit_Card,27.63,17,0,1,0
368.37,travel,Starbucks,Credit_Card,4375.04,19,1,1,1
425.15,travel,Walmart,Credit_Card,947.75,13,1,0,1
61.21,gas_transport,Walmart,Credit_Card,14.88,14,0,1,0
52.48,gas_transport,Amazon,Credit_Card,3.82,18,0,1,0
64.19,gas_transport,Walmart,Credit_Card,25.06,13,0,1,0
3967.47,misc_net,Walmart,Wire_Transfer,223.1,9,1,1,1
4697.15,misc_net,Starbucks,Wire_Transfer,201.74,14,1,0,1
911.2,shopping_net,Walmart,Digital_Wallet,11.14,23,0,1,1
521.16,travel,Steam,Credit_Card,4871.3,18,1,1,1
239.82,travel,Walmart,Credit_Card,4721.53,8,1,1,1
475.21,travel,Starbucks,Credit_Card,4722.06,21,1,1,1
3377.68,misc_net,Delta Air,Wire_Transfer,321.07,16,1,1,1
1.6,grocery_pos,Starbucks,Credit_Card,14.41,15,0,1,0
19.99,entertainment,Chevron,Credit_Card,10.77,17,0,1,0
-8.25,grocery_pos,Chevron,Credit_Card,23.89,11,0,1,0
73.07,travel,Walmart,Credit_Card,14.36,16,0,1,0
165.96,travel,Unknown_Foreign_Store,Credit_Card,1969.03,16,1,0,1
722.87,shopping_net,Chevron,Digital_Wallet,14.36,2,0,0,1
1099.81,shopping_net,Delta Air,Digital_Wallet,18.06,2,0,0,1
50.27,gas_transport,Starbucks,Debit_Card,0.51,12,0,1,0
5488.99,misc_net,Starbucks,Wire_Transfer,456.12,15,1,1,1
49.75,entertainment,Walmart,Credit_Card,7.89,13,0,1,0
1454.54,shopping_net,Starbucks,Digital_Wallet,6.4,1,0,1,1
25.74,travel,Chevron,Credit_Card,4.91,9,0,1,0
189.33,travel,Unknown_Foreign_Store,Credit_Card,4061.9,20,1,1,1
516.35,travel,Delta Air,Credit_Card,693.21,18,1,0,1
16.32,gas_transport,Walmart,Credit_Card,27.88,21,0,1,0
4684.29,misc_net,Delta Air,Wire_Transfer,235.14,13,1,0,1
32.86,gas_transport,Chevron,Credit_Card,23.31,11,0,1,0
234.63,travel,Amazon,Credit_Card,798.84,3,1,1,1
44.82,gas_transport,Amazon,Credit_Card,11.02,12,0,1,0
43.3,shopping_net,Walmart,Digital_Wallet,23.22,13,0,1,0
1261.18,shopping_net,Starbucks,Digital_Wallet,43.65,2,0,0,1
47.74,entertainment,Amazon,Credit_Card,23.07,21,0,1,0
672.22,shopping_net,Unknown_Foreign_Store,Digital_Wallet,6.21,1,0,0,1
78.78,grocery_pos,Chevron,Credit_Card,17.94,9,0,1,0
10.28,grocery_pos,Chevron,Credit_Card,2.89,14,0,1,0
1210.87,shopping_net,Steam,Digital_Wallet,41.79,0,0,1,1
42.13,gas_transport,Chevron,Debit_Card,9.43,11,0,1,0
1417.78,shopping_net,Amazon,Digital_Wallet,31.09,23,0,0,1
23.4,gas_transport,Amazon,Digital_Wallet,18.97,20,0,1,0
41.27,grocery_pos,Amazon,Digital_Wallet,20.66,18,0,1,0
950.1,shopping_net,Walmart,Digital_Wallet,34.53,1,0,0,1
654.35,travel,Steam,Credit_Card,2612.42,18,1,1,1
223.63,travel,Steam,Credit_Card,4206.08,10,1,1,1
77.31,gas_transport,Starbucks,Credit_Card,4.66,20,0,1,0
6709.89,misc_net,Walmart,Wire_Transfer,422.38,14,1,0,1
213.05,travel,Delta Air,Credit_Card,2573.66,2,1,0,1
4716.31,misc_net,Amazon,Wire_Transfer,362.38,9,1,1,1
27.82,shopping_net,Amazon,Credit_Card,0.94,8,0,1,0
1739.31,shopping_net,Delta Air,Digital_Wallet,30.55,2,0,1,1
5220.55,misc_net,Amazon,Wire_Transfer,212.3,10,1,1,1
1280.41,shopping_net,Unknown_Foreign_Store,Digital_Wallet,44.12,0,0,1,1
49.74,gas_transport,Chevron,Credit_Card,15.26,17,0,1,0
4038.48,misc_net,Chevron,Wire_Transfer,326.16,16,1,0,1
28.19,gas_transport,Amazon,Digital_Wallet,4.89,13,0,1,0
6252.2,misc_net,Chevron,Wire_Transfer,227.2,16,1,1,1
4962.25,misc_net,Unknown_Foreign_Store,Wire_Transfer,283.21,15,1,1,1
23.4,gas_transport,Chevron,Credit_Card,27.18,20,0,1,0
1364.94,shopping_net,Amazon,Digital_Wallet,43.13,0,0,0,1
787.21,shopping_net,Amazon,Digital_Wallet,9.07,1,0,1,1
1490.23,shopping_net,Starbucks,Digital_Wallet,46.06,1,0,1,1
523.74,travel,Delta Air,Credit_Card,1895.0,2,1,1,1
745.75,shopping_net,Walmart,Digital_Wallet,29.48,23,0,0,1
48.77,grocery_pos,Amazon,Credit_Card,21.83,20,0,1,0
868.22,shopping_net,Unknown_Foreign_Store,Digital_Wallet,25.29,23,0,0,1
819.57,shopping_net,Unknown_Foreign_Store,Digital_Wallet,21.12,23,0,1,1
442.47,travel,Starbucks,Credit_Card,1386.24,2,1,0,1
24.52,grocery_pos,Walmart,Debit_Card,1.97,12,0,1,0
1500.3,shopping_net,Walmart,Digital_Wallet,34.96,1,0,0,1
846.47,shopping_net,Unknown_Foreign_Store,Digital_Wallet,40.7,0,0,1,1
4786.91,misc_net,Walmart,Wire_Transfer,138.89,9,1,0,1
4425.86,misc_net,Amazon,Wire_Transfer,335.55,11,1,0,1
17.25,gas_transport,Starbucks,Debit_Card,8.71,16,0,1,0
31.2,grocery_pos,Chevron,Credit_Card,12.43,8,0,1,0
519.29,travel,Starbucks,Credit_Card,3720.85,13,1,0,1
29.69,travel,Walmart,Debit_Card,29.74,9,0,1,0
51.64,travel,Walmart,Credit_Card,17.74,12,0,1,0
34.02,gas_transport,Amazon,Debit_Card,21.18,20,0,1,0
42.62,misc_net,Amazon,Debit_Card,21.79,12,0,1,0
22.0,entertainment,Walmart,Credit_Card,9.09,17,0,1,0
1379.17,shopping_net,Unknown_Foreign_Store,Digital_Wallet,15.35,2,0,1,1
103.08,misc_net,Amazon,Debit_Card,17.76,17,0,1,0
1294.14,shopping_net,Delta Air,Digital_Wallet,38.87,23,0,1,1
107.68,travel,Amazon,Credit_Card,16.93,17,0,1,0
11.27,grocery_pos,Starbucks,Credit_Card,7.05,10,0,1,0
307.37,travel,Steam,Credit_Card,3377.93,0,1,0,1
336.83,travel,Steam,Credit_Card,3260.82,9,1,0,1
26.68,grocery_pos,Starbucks,Debit_Card,13.59,12,0,1,0
1584.15,shopping_net,Steam,Digital_Wallet,25.51,1,0,1,1
564.73,travel,Walmart,Credit_Card,2295.96,1,1,0,1
35.53,gas_transport,Chevron,Credit_Card,18.53,16,0,1,0
6237.5,misc_net,Unknown_Foreign_Store,Wire_Transfer,384.66,13,1,1,1
-15.25,gas_transport,Walmart,Debit_Card,13.92,8,0,1,0
636.16,shopping_net,Amazon,Digital_Wallet,45.74,1,0,1,1
936.56,shopping_net,Unknown_Foreign_Store,Digital_Wallet,48.2,23,0,0,1
1211.55,shopping_net,Walmart,Digital_Wallet,18.45,2,0,1,1
96.84,grocery_pos,Walmart,Credit_Card,9.36,13,0,1,0
30.16,gas_transport,Chevron,Debit_Card,25.53,14,0,1,0
33.66,gas_transport,Starbucks,Debit_Card,24.84,14,0,1,0
46.71,misc_net,Chevron,Credit_Card,26.45,13,0,1,0
5041.15,misc_net,Steam,Wire_Transfer,399.99,15,1,1,1
49.9,misc_net,Chevron,Digital_Wallet,18.83,16,0,1,0
216.13,travel,Walmart,Credit_Card,1729.98,1,1,1,1
16.42,grocery_pos,Chevron,Debit_Card,10.79,10,0,1,0
233.04,travel,Unknown_Foreign_Store,Credit_Card,787.22,22,1,0,1
33.53,gas_transport,Amazon,Debit_Card,23.86,10,0,1,0
-11.4,entertainment,Chevron,Credit_Card,22.7,9,0,1,0
61.8,grocery_pos,Walmart,Debit_Card,29.42,19,0,1,0
5694.64,misc_net,Amazon,Wire_Transfer,233.25,13,1,1,1
36.13,travel,Amazon,Debit_Card,12.23,16,0,1,0
35.94,gas_transport,Walmart,Digital_Wallet,24.51,8,0,1,0
34.91,travel,Amazon,Credit_Card,11.13,18,0,1,0
30.25,grocery_pos,Starbucks,Debit_Card,1.21,19,0,1,0
27.37,gas_transport,Amazon,Debit_Card,25.87,18,0,1,0
505.32,travel,Amazon,Credit_Card,893.66,11,1,1,1
50.77,travel,Starbucks,Debit_Card,3.2,13,0,1,0
19.36,grocery_pos,Starbucks,Debit_Card,7.6,20,0,1,0
272.63,travel,Steam,Credit_Card,4909.73,11,1,0,1
33.26,grocery_pos,Amazon,Debit_Card,18.54,20,0,1,0
301.86,travel,Amazon,Credit_Card,2782.93,4,1,0,1
554.34,travel,Amazon,Credit_Card,4830.71,3,1,1,1
48.55,grocery_pos,Chevron,Credit_Card,24.41,8,0,1,0
55.61,shopping_net,Chevron,Credit_Card,8.39,18,0,1,0
38.15,entertainment,Amazon,Credit_Card,21.64,16,0,1,0
37.12,gas_transport,Amazon,Digital_Wallet,7.21,19,0,1,0
3870.33,misc_net,Starbucks,Wire_Transfer,208.68,11,1,0,1
314.91,travel,Chevron,Credit_Card,3764.14,19,1,1,1
35.48,travel,Starbucks,Credit_Card,15.66,21,0,1,0
50.44,gas_transport,Chevron,Credit_Card,26.75,19,0,1,0
47.13,gas_transport,Starbucks,Credit_Card,29.51,11,0,1,0
4515.98,misc_net,Chevron,Wire_Transfer,361.94,16,1,1,1
668.96,shopping_net,Starbucks,Digital_Wallet,32.28,23,0,0,1
35.15,grocery_pos,Starbucks,Credit_Card,22.18,14,0,1,0
-11.37,misc_net,Starbucks,Debit_Card,21.42,18,0,1,0
23.9,grocery_pos,Starbucks,Credit_Card,23.08,9,0,1,0
1324.2,shopping_net,Amazon,Digital_Wallet,13.85,0,0,1,1
9.54,travel,Starbucks,Credit_Card,5.26,9,0,1,0
74.09,shopping_net,Chevron,Credit_Card,20.99,10,0,1,0
22.35,shopping_net,Amazon,Debit_Card,22.2,9,0,1,0
3996.21,misc_net,Walmart,Wire_Transfer,330.15,14,1,1,1
717.05,shopping_net,Chevron,Digital_Wallet,24.17,1,0,0,1
251.91,travel,Chevron,Credit_Card,4988.04,9,1,1,1
64.33,gas_transport,Starbucks,Debit_Card,22.62,8,0,1,0
22.86,gas_transport,Walmart,Digital_Wallet,15.74,8,0,1,0
94.95,grocery_pos,Amazon,Credit_Card,17.62,9,0,1,0
115.61,gas_transport,Starbucks,Credit_Card,9.46,9,0,1,0
307.89,travel,Walmart,Credit_Card,702.14,19,1,1,1
14.35,misc_net,Amazon,Credit_Card,22.74,12,0,1,0
35.61,shopping_net,Amazon,Debit_Card,3.26,14,0,1,0
420.51,travel,Amazon,Credit_Card,3927.87,0,1,0,1
286.94,travel,Unknown_Foreign_Store,Credit_Card,2686.03,18,1,0,1
533.13,travel,Unknown_Foreign_Store,Credit_Card,1917.09,8,1,0,1
48.03,misc_net,Amazon,Debit_Card,15.36,20,0,1,0
6376.52,misc_net,Walmart,Wire_Transfer,224.3,12,1,1,1
4586.84,misc_net,Walmart,Wire_Transfer,491.07,10,1,1,1
4874.33,misc_net,Steam,Wire_Transfer,107.05,16,1,1,1
25.74,gas_transport,Chevron,Credit_Card,24.1,10,0,1,0
1546.64,shopping_net,Starbucks,Digital_Wallet,32.94,1,0,0,1
823.42,shopping_net,Steam,Digital_Wallet,45.05,23,0,0,1
5042.04,misc_net,Steam,Wire_Transfer,143.56,10,1,0,1
27.02,gas_transport,Walmart,Debit_Card,14.06,17,0,1,0
36.73,entertainment,Starbucks,Debit_Card,11.17,21,0,1,0
75.41,grocery_pos,Walmart,Digital_Wallet,12.49,15,0,1,0
11.18,shopping_net,Amazon,Credit_Card,14.39,13,0,1,0
1739.92,shopping_net,Walmart,Digital_Wallet,33.53,1,0,1,1
39.78,gas_transport,Chevron,Credit_Card,0.87,13,0,1,0
29.31,grocery_pos,Starbucks,Digital_Wallet,26.16,14,0,1,0
350.64,travel,Steam,Credit_Card,2386.02,5,1,1,1
31.15,gas_transport,Chevron,Debit_Card,8.19,20,0,1,0
1507.8,shopping_net,Steam,Digital_Wallet,48.8,1,0,1,1
989.72,shopping_net,Amazon,Digital_Wallet,5.97,1,0,1,1
5284.23,misc_net,Delta Air,Wire_Transfer,436.0,15,1,0,1
16.75,grocery_pos,Walmart,Debit_Card,17.19,14,0,1,0
1022.55,shopping_net,Unknown_Foreign_Store,Digital_Wallet,36.02,0,0,1,1
28.06,grocery_pos,Walmart,Credit_Card,21.02,12,0,1,0
640.25,shopping_net,Unknown_Foreign_Store,Digital_Wallet,18.73,2,0,1,1
23.76,misc_net,Walmart,Credit_Card,28.79,16,0,1,0
758.02,shopping_net,Steam,Digital_Wallet,31.43,23,0,1,1
4251.93,misc_net,Unknown_Foreign_Store,Wire_Transfer,207.45,12,1,1,1
197.45,travel,Steam,Credit_Card,3566.51,12,1,0,1
1353.22,shopping_net,Unknown_Foreign_Store,Digital_Wallet,12.11,2,0,0,1
264.31,travel,Starbucks,Credit_Card,1007.49,20,1,0,1
85.41,grocery_pos,Chevron,Digital_Wallet,29.85,18,0,1,0
30.22,travel,Chevron,Debit_Card,1.21,9,0,1,0
89.09,grocery_pos,Amazon,Credit_Card,28.37,13,0,1,0
21.25,travel,Chevron,Credit_Card,8.43,9,0,1,0
14.73,grocery_pos,Starbucks,Debit_Card,11.78,13,0,1,0
29.3,gas_transport,Walmart,Credit_Card,20.44,8,0,1,0
1291.82,shopping_net,Steam,Digital_Wallet,26.17,1,0,1,1
4283.05,misc_net,Steam,Wire_Transfer,203.03,14,1,1,1
315.97,travel,Delta Air,Credit_Card,2851.9,15,1,0,1
41.84,gas_transport,Amazon,Debit_Card,4.2,13,0,1,0
30.92,gas_transport,Amazon,Credit_Card,4.3,11,0,1,0
4226.96,misc_net,Walmart,Wire_Transfer,488.07,10,1,0,1
183.41,travel,Chevron,Credit_Card,804.0,18,1,1,1
1025.61,shopping_net,Unknown_Foreign_Store,Digital_Wallet,21.97,2,0,1,1
186.93,travel,Chevron,Credit_Card,3756.02,12,1,1,1
10.83,shopping_net,Starbucks,Debit_Card,22.63,11,0,1,0
403.46,travel,Amazon,Credit_Card,3615.98,23,1,1,1
436.87,travel,Steam,Credit_Card,2343.86,13,1,1,1
962.56,shopping_net,Delta Air,Digital_Wallet,48.46,1,0,1,1
236.28,travel,Steam,Credit_Card,4381.34,15,1,1,1
5020.88,misc_net,Chevron,Wire_Transfer,356.68,11,1,1,1
11.68,misc_net,Walmart,Credit_Card,6.16,10,0,1,0
20.68,gas_transport,Starbucks,Credit_Card,16.13,10,0,1,0
24.49,shopping_net,Walmart,Credit_Card,9.53,15,0,1,0
6329.39,misc_net,Unknown_Foreign_Store,Wire_Transfer,222.06,10,1,0,1
1410.77,shopping_net,Unknown_Foreign_Store,Digital_Wallet,23.71,23,0,0,1
1429.29,shopping_net,Walmart,Digital_Wallet,26.09,0,0,0,1
529.83,travel,Chevron,Credit_Card,4875.34,8,1,0,1
1091.57,shopping_net,Chevron,Digital_Wallet,36.14,0,0,1,1
63.82,gas_transport,Walmart,Credit_Card,25.4,15,0,1,0
60.01,grocery_pos,Walmart,Credit_Card,24.26,17,0,1,0
78.87,grocery_pos,Walmart,Credit_Card,21.31,14,0,1,0
40.51,misc_net,Amazon,Credit_Card,27.03,9,0,1,0
49.67,grocery_pos,Walmart,Credit_Card,19.86,15,0,1,0
4951.67,misc_net,Steam,Wire_Transfer,138.16,14,1,0,1
5833.16,misc_net,Delta Air,Wire_Transfer,343.2,11,1,0,1
1229.52,shopping_net,Steam,Digital_Wallet,16.15,0,0,1,1
241.91,travel,Amazon,Credit_Card,2378.37,20,1,0,1
400.83,travel,Unknown_Foreign_Store,Credit_Card,3461.44,6,1,1,1
58.54,gas_transport,Chevron,Credit_Card,7.84,18,0,1,0
89.19,travel,Walmart,Credit_Card,24.35,18,0,1,0
61.15,grocery_pos,Walmart,Credit_Card,8.74,17,0,1,0
53.01,grocery_pos,Amazon,Debit_Card,21.07,15,0,1,0
160.44,travel,Amazon,Credit_Card,2776.02,5,1,1,1
77.75,grocery_pos,Walmart,Debit_Card,15.71,10,0,1,0
40.69,grocery_pos,Walmart,Debit_Card,2.25,13,0,1,0
5968.44,misc_net,Steam,Wire_Transfer,295.41,9,1,1,1
56.47,misc_net,Starbucks,Debit_Card,6.76,10,0,1,0
36.4,grocery_pos,Amazon,Credit_Card,14.99,12,0,1,0
1077.3,shopping_net,Delta Air,Digital_Wallet,19.94,23,0,1,1
1164.17,shopping_net,Starbucks,Digital_Wallet,29.81,23,0,1,1
6.16,travel,Starbucks,Credit_Card,16.79,11,0,1,0
56.56,misc_net,Amazon,Credit_Card,7.54,12,0,1,0
-9.63,grocery_pos,Chevron,Credit_Card,21.75,14,0,1,0
1392.19,shopping_net,Delta Air,Digital_Wallet,13.07,0,0,1,1
63.02,shopping_net,Walmart,Debit_Card,9.32,8,0,1,0
12.15,gas_transport,Amazon,Digital_Wallet,23.9,18,0,1,0
0.99,gas_transport,Starbucks,Credit_Card,2.77,9,0,1,0
30.48,misc_net,Starbucks,Debit_Card,8.54,20,0,1,0
66.98,misc_net,Amazon,Credit_Card,23.52,17,0,1,0
85.35,entertainment,Chevron,Credit_Card,28.52,20,0,1,0
94.23,entertainment,Amazon,Credit_Card,21.72,21,0,1,0
38.1,grocery_pos,Starbucks,Debit_Card,28.72,14,0,1,0
295.23,travel,Starbucks,Credit_Card,4300.5,7,1,1,1
69.59,gas_transport,Amazon,Credit_Card,25.92,20,0,1,0
40.53,misc_net,Chevron,Credit_Card,17.56,10,0,1,0
618.83,travel,Delta Air,Credit_Card,865.38,9,1,1,1
324.86,travel,Amazon,Credit_Card,2444.75,16,1,1,1
60.23,misc_net,Amazon,Digital_Wallet,18.52,14,0,1,0
36.83,travel,Amazon,Debit_Card,13.35,18,0,1,0
349.87,travel,Steam,Credit_Card,2353.65,14,1,0,1
67.26,grocery_pos,Chevron,Credit_Card,4.01,19,0,1,0
389.39,travel,Steam,Credit_Card,641.3,8,1,0,1
297.88,travel,Steam,Credit_Card,4032.5,19,1,0,1
-38.49,entertainment,Walmart,Credit_Card,28.26,8,0,1,0
54.85,gas_transport,Amazon,Debit_Card,13.61,19,0,1,0
-5.21,grocery_pos,Chevron,Debit_Card,20.39,21,0,1,0
50.59,gas_transport,Amazon,Debit_Card,19.52,21,0,1,0
388.13,travel,Steam,Credit_Card,1501.63,16,1,1,1
40.39,travel,Walmart,Credit_Card,20.02,8,0,1,0
56.52,grocery_pos,Amazon,Credit_Card,22.98,13,0,1,0
1330.04,shopping_net,Unknown_Foreign_Store,Digital_Wallet,35.33,23,0,1,1
62.89,gas_transport,Chevron,Debit_Card,3.58,14,0,1,0
821.95,shopping_net,Starbucks,Digital_Wallet,21.26,1,0,1,1
87.01,gas_transport,Amazon,Credit_Card,8.86,11,0,1,0
173.23,travel,Delta Air,Credit_Card,1973.0,19,1,1,1
5427.55,misc_net,Walmart,Wire_Transfer,430.58,11,1,0,1
16.59,misc_net,Walmart,Credit_Card,8.71,15,0,1,0
1198.28,shopping_net,Steam,Digital_Wallet,19.04,23,0,1,1
246.37,travel,Steam,Credit_Card,4637.28,2,1,1,1
1262.38,shopping_net,Chevron,Digital_Wallet,25.01,23,0,1,1
1513.14,shopping_net,Chevron,Digital_Wallet,26.17,23,0,0,1
90.91,shopping_net,Amazon,Credit_Card,12.68,19,0,1,0
282.62,travel,Unknown_Foreign_Store,Credit_Card,3763.11,7,1,0,1
64.47,gas_transport,Chevron,Debit_Card,26.39,17,0,1,0
17.14,grocery_pos,Chevron,Credit_Card,6.33,21,0,1,0
36.83,travel,Amazon,Credit_Card,25.19,20,0,1,0
66.3,grocery_pos,Chevron,Debit_Card,10.49,16,0,1,0
69.7,grocery_pos,Chevron,Debit_Card,4.36,14,0,1,0
47.19,misc_net,Amazon,Debit_Card,16.51,9,0,1,0
5155.78,misc_net,Unknown_Foreign_Store,Wire_Transfer,188.01,11,1,0,1
47.93,travel,Amazon,Credit_Card,28.14,14,0,1,0
4.7,gas_transport,Amazon,Credit_Card,17.16,9,0,1,0
1482.11,shopping_net,Starbucks,Digital_Wallet,33.65,23,0,1,1
4181.48,misc_net,Steam,Wire_Transfer,272.18,12,1,1,1
29.73,entertainment,Starbucks,Credit_Card,7.57,19,0,1,0
575.7,travel,Chevron,Credit_Card,1605.67,6,1,1,1
36.53,entertainment,Amazon,Credit_Card,27.1,15,0,1,0
5151.56,misc_net,Unknown_Foreign_Store,Wire_Transfer,306.94,16,1,0,1
65.71,misc_net,Walmart,Credit_Card,9.38,11,0,1,0
48.0,gas_transport,Starbucks,Credit_Card,15.79,21,0,1,0
16.04,grocery_pos,Walmart,Credit_Card,21.35,10,0,1,0
34.63,misc_net,Chevron,Debit_Card,26.93,14,0,1,0
7010.15,misc_net,Chevron,Wire_Transfer,345.14,10,1,1,1
45.1,grocery_pos,Amazon,Credit_Card,10.19,18,0,1,0
1372.8,shopping_net,Walmart,Digital_Wallet,21.51,1,0,0,1
54.06,misc_net,Starbucks,Digital_Wallet,28.99,11,0,1,0
87.88,gas_transport,Chevron,Debit_Card,8.07,11,0,1,0
448.34,travel,Chevron,Credit_Card,4088.59,18,1,1,1
42.18,travel,Starbucks,Credit_Card,5.33,14,0,1,0
47.83,gas_transport,Chevron,Digital_Wallet,21.56,19,0,1,0
241.31,travel,Delta Air,Credit_Card,2715.15,14,1,0,1
1148.16,shopping_net,Delta Air,Digital_Wallet,20.98,1,0,1,1
1172.48,shopping_net,Walmart,Digital_Wallet,38.74,1,0,0,1
81.93,grocery_pos,Walmart,Digital_Wallet,8.13,21,0,1,0
47.39,misc_net,Amazon,Credit_Card,8.88,18,0,1,0
48.26,gas_transport,Starbucks,Debit_Card,20.24,14,0,1,0
1476.04,shopping_net,Unknown_Foreign_Store,Digital_Wallet,23.21,1,0,0,1
396.14,travel,Unknown_Foreign_Store,Credit_Card,2626.6,4,1,0,1
55.58,gas_transport,Chevron,Credit_Card,7.69,21,0,1,0
978.63,shopping_net,Starbucks,Digital_Wallet,15.48,2,0,1,1
1121.74,shopping_net,Steam,Digital_Wallet,31.89,2,0,0,1
6455.47,misc_net,Delta Air,Wire_Transfer,259.39,9,1,0,1
64.33,grocery_pos,Walmart,Credit_Card,12.34,10,0,1,0
152.34,travel,Delta Air,Credit_Card,2229.95,0,1,0,1
385.33,travel,Amazon,Credit_Card,3352.23,1,1,0,1
1209.74,shopping_net,Unknown_Foreign_Store,Digital_Wallet,8.14,1,0,1,1
23.93,entertainment,Amazon,Debit_Card,29.43,9,0,1,0
6218.43,misc_net,Delta Air,Wire_Transfer,282.59,10,1,1,1
8.67,grocery_pos,Starbucks,Digital_Wallet,11.99,20,0,1,0
455.92,travel,Steam,Credit_Card,1244.49,8,1,1,1
49.48,grocery_pos,Amazon,Credit_Card,10.76,14,0,1,0
973.74,shopping_net,Chevron,Digital_Wallet,28.7,1,0,0,1
463.78,travel,Steam,Credit_Card,3445.63,22,1,1,1
79.73,entertainment,Starbucks,Credit_Card,19.53,12,0,1,0
5324.1,misc_net,Walmart,Wire_Transfer,219.34,14,1,0,1
5153.55,misc_net,Amazon,Wire_Transfer,298.74,16,1,0,1
53.57,grocery_pos,Chevron,Credit_Card,3.05,14,0,1,0
4390.04,misc_net,Walmart,Wire_Transfer,490.23,15,1,1,1
1445.45,shopping_net,Walmart,Digital_Wallet,25.26,2,0,0,1
360.07,travel,Steam,Credit_Card,1792.85,7,1,1,1
4130.39,misc_net,Unknown_Foreign_Store,Wire_Transfer,186.73,11,1,1,1
46.14,entertainment,Chevron,Credit_Card,29.79,12,0,1,0
57.36,gas_transport,Amazon,Debit_Card,9.01,12,0,1,0
1454.22,shopping_net,Unknown_Foreign_Store,Digital_Wallet,41.12,23,0,0,1
6323.23,misc_net,Unknown_Foreign_Store,Wire_Transfer,471.05,9,1,1,1
49.86,grocery_pos,Chevron,Debit_Card,13.27,19,0,1,0
70.07,grocery_pos,Chevron,Credit_Card,8.72,19,0,1,0
3397.92,misc_net,Unknown_Foreign_Store,Wire_Transfer,192.04,13,1,1,1
5445.73,misc_net,Chevron,Wire_Transfer,119.1,11,1,1,1
18.93,grocery_pos,Chevron,Credit_Card,5.85,18,0,1,0
75.32,travel,Amazon,Debit_Card,1.69,16,0,1,0
38.6,gas_transport,Chevron,Debit_Card,20.46,9,0,1,0
921.19,shopping_net,Steam,Digital_Wallet,26.39,1,0,0,1
4950.05,misc_net,Amazon,Wire_Transfer,468.23,13,1,0,1
13.74,entertainment,Chevron,Credit_Card,18.46,17,0,1,0
71.8,travel,Walmart,Credit_Card,6.77,9,0,1,0
47.22,grocery_pos,Amazon,Credit_Card,19.21,12,0,1,0
45.76,gas_transport,Starbucks,Credit_Card,5.59,21,0,1,0
46.01,grocery_pos,Walmart,Credit_Card,9.58,17,0,1,0
520.66,travel,Starbucks,Credit_Card,1099.48,18,1,1,1
256.0,travel,Walmart,Credit_Card,4373.56,10,1,0,1
66.84,gas_transport,Walmart,Credit_Card,9.86,10,0,1,0
1223.75,shopping_net,Walmart,Digital_Wallet,36.29,23,0,1,1
395.04,travel,Starbucks,Credit_Card,2444.46,21,1,1,1
80.37,grocery_pos,Starbucks,Credit_Card,5.8,16,0,1,0
61.75,shopping_net,Chevron,Debit_Card,28.95,12,0,1,0
5405.17,misc_net,Walmart,Wire_Transfer,111.28,15,1,1,1
1039.54,shopping_net,Chevron,Digital_Wallet,39.65,2,0,0,1
462.78,travel,Amazon,Credit_Card,1272.95,12,1,1,1
27.08,gas_transport,Walmart,Credit_Card,24.97,20,0,1,0
275.25,travel,Walmart,Credit_Card,4304.24,19,1,0,1
61.96,gas_transport,Amazon,Credit_Card,11.25,11,0,1,0
9.43,travel,Amazon,Credit_Card,5.98,14,0,1,0
579.64,travel,Unknown_Foreign_Store,Credit_Card,2329.86,4,1,1,1
24.86,grocery_pos,Chevron,Credit_Card,6.12,21,0,1,0
5854.59,misc_net,Amazon,Wire_Transfer,134.89,14,1,1,1
1092.41,shopping_net,Delta Air,Digital_Wallet,27.73,2,0,1,1
451.08,travel,Amazon,Credit_Card,2784.07,6,1,0,1
41.83,gas_transport,Walmart,Digital_Wallet,5.84,12,0,1,0
54.73,shopping_net,Starbucks,Debit_Card,12.43,10,0,1,0
483.9,travel,Starbucks,Credit_Card,3297.77,18,1,0,1
-21.23,entertainment,Chevron,Debit_Card,9.25,16,0,1,0
339.24,travel,Chevron,Credit_Card,2113.87,4,1,1,1
4770.44,misc_net,Amazon,Wire_Transfer,331.99,11,1,0,1
50.73,shopping_net,Walmart,Debit_Card,22.14,18,0,1,0
209.83,travel,Steam,Credit_Card,4406.44,18,1,0,1
22.59,grocery_pos,Walmart,Credit_Card,26.78,10,0,1,0
26.5,grocery_pos,Chevron,Debit_Card,6.64,21,0,1,0
319.02,travel,Steam,Credit_Card,1965.48,18,1,0,1
16.63,travel,Starbucks,Debit_Card,11.66,18,0,1,0
1150.65,shopping_net,Walmart,Digital_Wallet,39.14,1,0,1,1
1688.22,shopping_net,Chevron,Digital_Wallet,5.2,2,0,0,1
62.94,misc_net,Amazon,Debit_Card,14.05,8,0,1,0
-27.8,grocery_pos,Starbucks,Debit_Card,28.61,16,0,1,0
79.34,travel,Amazon,Credit_Card,3.38,10,0,1,0
3599.67,misc_net,Delta Air,Wire_Transfer,161.16,11,1,0,1
1441.44,shopping_net,Walmart,Digital_Wallet,26.67,1,0,1,1
64.26,grocery_pos,Chevron,Credit_Card,9.38,8,0,1,0
1344.88,shopping_net,Steam,Digital_Wallet,10.78,2,0,0,1
216.71,travel,Unknown_Foreign_Store,Credit_Card,3603.9,23,1,1,1
1189.75,shopping_net,Steam,Digital_Wallet,34.96,0,0,1,1
64.78,gas_transport,Amazon,Debit_Card,16.21,20,0,1,0
63.89,grocery_pos,Chevron,Credit_Card,17.51,19,0,1,0
1331.24,shopping_net,Walmart,Digital_Wallet,17.45,23,0,1,1
78.07,gas_transport,Amazon,Credit_Card,1.44,18,0,1,0
493.69,travel,Delta Air,Credit_Card,1800.29,18,1,0,1
334.28,travel,Steam,Credit_Card,4257.2,10,1,1,1
32.0,gas_transport,Starbucks,Credit_Card,21.08,19,0,1,0
4374.56,misc_net,Steam,Wire_Transfer,358.12,10,1,0,1
3010.97,misc_net,Chevron,Wire_Transfer,181.79,15,1,1,1
78.57,grocery_pos,Chevron,Credit_Card,23.05,21,0,1,0
42.0,grocery_pos,Chevron,Credit_Card,2.65,18,0,1,0
1354.79,shopping_net,Delta Air,Digital_Wallet,33.51,1,0,1,1
245.2,travel,Amazon,Credit_Card,3743.22,21,1,0,1
227.62,travel,Steam,Credit_Card,4350.91,7,1,1,1
28.59,travel,Chevron,Credit_Card,21.1,8,0,1,0
56.85,travel,Chevron,Debit_Card,5.54,9,0,1,0
1554.67,shopping_net,Unknown_Foreign_Store,Digital_Wallet,49.34,0,0,0,1
5387.78,misc_net,Steam,Wire_Transfer,401.28,10,1,1,1
1226.82,shopping_net,Walmart,Digital_Wallet,29.23,23,0,0,1
394.18,travel,Starbucks,Credit_Card,4669.16,11,1,1,1
967.73,shopping_net,Chevron,Digital_Wallet,40.33,23,0,1,1
37.18,gas_transport,Walmart,Debit_Card,26.76,16,0,1,0
272.26,travel,Steam,Credit_Card,589.46,0,1,1,1
30.22,gas_transport,Amazon,Credit_Card,7.84,18,0,1,0
3480.23,misc_net,Amazon,Wire_Transfer,161.87,13,1,1,1
95.25,grocery_pos,Starbucks,Credit_Card,2.03,8,0,1,0
4711.17,misc_net,Steam,Wire_Transfer,434.16,9,1,0,1
8.27,gas_transport,Amazon,Credit_Card,11.31,14,0,1,0
1465.81,shopping_net,Steam,Digital_Wallet,19.81,0,0,1,1
1.84,travel,Chevron,Debit_Card,3.43,16,0,1,0
63.74,gas_transport,Starbucks,Debit_Card,27.84,18,0,1,0
261.35,travel,Starbucks,Credit_Card,794.67,11,1,1,1
1251.66,shopping_net,Walmart,Digital_Wallet,15.48,0,0,1,1
1027.81,shopping_net,Chevron,Digital_Wallet,40.51,23,0,1,1
64.5,grocery_pos,Amazon,Debit_Card,27.55,19,0,1,0
75.79,entertainment,Chevron,Debit_Card,24.06,11,0,1,0
1007.45,shopping_net,Chevron,Digital_Wallet,14.64,0,0,1,1
70.7,misc_net,Chevron,Debit_Card,25.86,11,0,1,0
64.53,misc_net,Amazon,Credit_Card,12.83,12,0,1,0
4631.42,misc_net,Chevron,Wire_Transfer,475.94,15,1,1,1
51.15,grocery_pos,Walmart,Debit_Card,19.95,16,0,1,0
12.99,gas_transport,Walmart,Debit_Card,6.98,17,0,1,0
1488.41,shopping_net,Delta Air,Digital_Wallet,34.87,0,0,1,1
-28.83,gas_transport,Starbucks,Credit_Card,14.3,9,0,1,0
59.23,gas_transport,Chevron,Credit_Card,4.92,17,0,1,0
64.63,grocery_pos,Starbucks,Credit_Card,5.16,21,0,1,0
214.93,travel,Walmart,Credit_Card,952.9,21,1,1,1
60.08,travel,Walmart,Credit_Card,15.34,13,0,1,0
4633.26,misc_net,Unknown_Foreign_Store,Wire_Transfer,233.54,11,1,0,1
1285.95,shopping_net,Delta Air,Digital_Wallet,33.5,23,0,1,1
35.64,travel,Starbucks,Debit_Card,26.27,18,0,1,0
59.62,grocery_pos,Walmart,Credit_Card,18.68,19,0,1,0
441.61,travel,Amazon,Credit_Card,1963.16,4,1,0,1
26.8,grocery_pos,Chevron,Digital_Wallet,2.04,19,0,1,0
74.76,gas_transport,Amazon,Credit_Card,7.95,20,0,1,0
364.6,travel,Chevron,Credit_Card,2813.85,4,1,0,1
37.38,gas_transport,Amazon,Debit_Card,5.67,16,0,1,0
936.84,shopping_net,Walmart,Digital_Wallet,12.84,23,0,1,1
897.53,shopping_net,Delta Air,Digital_Wallet,31.38,2,0,0,1
519.31,travel,Walmart,Credit_Card,2844.86,13,1,1,1
1560.55,shopping_net,Unknown_Foreign_Store,Digital_Wallet,42.27,0,0,1,1
3432.47,misc_net,Chevron,Wire_Transfer,353.08,12,1,0,1
6642.42,misc_net,Chevron,Wire_Transfer,175.67,11,1,0,1
11.3,entertainment,Chevron,Debit_Card,26.68,13,0,1,0
4175.41,misc_net,Chevron,Wire_Transfer,286.45,9,1,1,1
1137.14,shopping_net,Delta Air,Digital_Wallet,38.19,0,0,1,1
7429.76,misc_net,Amazon,Wire_Transfer,380.05,16,1,0,1
4536.87,misc_net,Steam,Wire_Transfer,457.79,15,1,1,1
60.82,grocery_pos,Starbucks,Credit_Card,1.39,10,0,1,0
1104.27,shopping_net,Unknown_Foreign_Store,Digital_Wallet,26.52,0,0,0,1
47.27,grocery_pos,Amazon,Credit_Card,29.43,20,0,1,0
49.67,grocery_pos,Chevron,Credit_Card,24.59,17,0,1,0
25.62,gas_transport,Chevron,Credit_Card,29.51,13,0,1,0
1191.35,shopping_net,Starbucks,Digital_Wallet,17.06,2,0,0,1
4732.09,misc_net,Chevron,Wire_Transfer,179.62,10,1,0,1
26.56,grocery_pos,Amazon,Digital_Wallet,29.59,13,0,1,0
452.57,travel,Starbucks,Credit_Card,2840.94,1,1,0,1
1456.13,shopping_net,Unknown_Foreign_Store,Digital_Wallet,37.66,1,0,1,1
4062.26,misc_net,Amazon,Wire_Transfer,390.63,10,1,1,1
1126.07,shopping_net,Chevron,Digital_Wallet,17.64,1,0,0,1
4346.52,misc_net,Starbucks,Wire_Transfer,175.57,12,1,0,1
214.63,travel,Walmart,Credit_Card,4236.28,11,1,0,1
85.37,grocery_pos,Chevron,Credit_Card,26.61,10,0,1,0
77.52,misc_net,Chevron,Debit_Card,25.03,21,0,1,0
44.99,entertainment,Walmart,Credit_Card,3.04,8,0,1,0
1007.41,shopping_net,Delta Air,Digital_Wallet,24.8,2,0,1,1
67.98,shopping_net,Chevron,Digital_Wallet,13.21,15,0,1,0
49.3,misc_net,Amazon,Debit_Card,17.2,19,0,1,0
81.11,grocery_pos,Amazon,Credit_Card,13.3,20,0,1,0
30.88,gas_transport,Starbucks,Debit_Card,10.18,14,0,1,0
52.2,entertainment,Amazon,Credit_Card,28.22,17,0,1,0
83.93,gas_transport,Starbucks,Debit_Card,8.87,17,0,1,0
81.91,grocery_pos,Starbucks,Debit_Card,19.37,11,0,1,0
48.32,grocery_pos,Walmart,Debit_Card,13.59,19,0,1,0
51.8,gas_transport,Starbucks,Debit_Card,4.65,12,0,1,0
1634.92,shopping_net,Starbucks,Digital_Wallet,16.75,23,0,1,1
56.65,shopping_net,Walmart,Credit_Card,29.76,21,0,1,0
58.17,grocery_pos,Walmart,Credit_Card,11.38,14,0,1,0
1269.29,shopping_net,Unknown_Foreign_Store,Digital_Wallet,8.56,0,0,1,1
74.47,travel,Starbucks,Credit_Card,4022.31,4,1,1,1
23.33,misc_net,Chevron,Credit_Card,10.49,21,0,1,0
13.08,grocery_pos,Chevron,Debit_Card,12.71,15,0,1,0
603.55,shopping_net,Steam,Digital_Wallet,5.06,2,0,0,1
388.82,travel,Delta Air,Credit_Card,2666.77,12,1,1,1
328.58,travel,Starbucks,Credit_Card,3871.97,23,1,1,1
4461.02,misc_net,Delta Air,Wire_Transfer,440.95,13,1,1,1
10.78,grocery_pos,Starbucks,Debit_Card,24.79,13,0,1,0
6025.01,misc_net,Starbucks,Wire_Transfer,195.61,9,1,1,1
33.06,grocery_pos,Chevron,Credit_Card,24.01,20,0,1,0
61.89,entertainment,Starbucks,Digital_Wallet,5.38,18,0,1,0
63.8,grocery_pos,Chevron,Credit_Card,18.2,8,0,1,0
57.59,grocery_pos,Walmart,Debit_Card,25.51,9,0,1,0
4239.72,misc_net,Delta Air,Wire_Transfer,402.24,16,1,0,1
61.74,grocery_pos,Starbucks,Credit_Card,19.72,15,0,1,0
681.33,travel,Delta Air,Credit_Card,2392.47,6,1,1,1
627.45,travel,Chevron,Credit_Card,4571.27,23,1,0,1
210.25,travel,Walmart,Credit_Card,2534.85,1,1,0,1
12.11,grocery_pos,Walmart,Credit_Card,13.6,11,0,1,0
38.56,gas_transport,Amazon,Debit_Card,28.39,20,0,1,0
5314.58,misc_net,Amazon,Wire_Transfer,390.08,10,1,0,1
1342.4,shopping_net,Starbucks,Digital_Wallet,44.26,0,0,0,1
58.45,gas_transport,Starbucks,Credit_Card,23.17,8,0,1,0
666.37,shopping_net,Amazon,Digital_Wallet,41.66,0,0,1,1
222.58,travel,Unknown_Foreign_Store,Credit_Card,3509.62,19,1,0,1
1477.64,shopping_net,Chevron,Digital_Wallet,11.66,23,0,1,1
206.23,travel,Delta Air,Credit_Card,1209.36,11,1,1,1
60.44,grocery_pos,Chevron,Debit_Card,20.24,21,0,1,0
442.16,travel,Delta Air,Credit_Card,4667.6,7,1,0,1
9.99,gas_transport,Chevron,Credit_Card,22.95,13,0,1,0
63.18,shopping_net,Walmart,Credit_Card,9.89,20,0,1,0
54.21,grocery_pos,Walmart,Debit_Card,3.67,8,0,1,0
84.9,gas_transport,Starbucks,Credit_Card,13.79,21,0,1,0
42.92,gas_transport,Chevron,Credit_Card,7.65,17,0,1,0
1272.0,shopping_net,Delta Air,Digital_Wallet,15.2,2,0,0,1
43.19,shopping_net,Amazon,Debit_Card,24.01,9,0,1,0
1400.54,shopping_net,Amazon,Digital_Wallet,44.46,23,0,1,1
5968.5,misc_net,Delta Air,Wire_Transfer,222.04,9,1,1,1
18.04,grocery_pos,Starbucks,Debit_Card,28.09,8,0,1,0
1560.42,shopping_net,Amazon,Digital_Wallet,19.22,23,0,1,1
489.41,travel,Walmart,Credit_Card,2168.16,3,1,1,1
1279.96,shopping_net,Steam,Digital_Wallet,28.5,2,0,1,1
953.87,shopping_net,Amazon,Digital_Wallet,12.89,23,0,0,1
3753.93,misc_net,Steam,Wire_Transfer,462.04,12,1,1,1
5.29,grocery_pos,Walmart,Credit_Card,15.36,8,0,1,0
418.66,travel,Walmart,Credit_Card,1419.2,21,1,1,1
54.27,grocery_pos,Amazon,Debit_Card,7.67,12,0,1,0
16.87,entertainment,Amazon,Debit_Card,13.24,11,0,1,0
94.65,grocery_pos,Starbucks,Digital_Wallet,18.37,8,0,1,0
1581.16,shopping_net,Walmart,Digital_Wallet,30.63,1,0,1,1
4143.89,misc_net,Chevron,Wire_Transfer,458.06,9,1,1,1
10.06,grocery_pos,Chevron,Credit_Card,8.9,18,0,1,0
6244.55,misc_net,Amazon,Wire_Transfer,321.32,9,1,1,1
41.94,grocery_pos,Starbucks,Credit_Card,25.41,14,0,1,0
5517.0,misc_net,Starbucks,Wire_Transfer,365.59,13,1,0,1
38.93,grocery_pos,Walmart,Credit_Card,28.64,15,0,1,0
1151.7,shopping_net,Chevron,Digital_Wallet,19.0,0,0,1,1
45.03,gas_transport,Starbucks,Digital_Wallet,2.56,13,0,1,0
279.28,travel,Unknown_Foreign_Store,Credit_Card,1694.91,20,1,1,1
59.17,gas_transport,Starbucks,Credit_Card,3.28,15,0,1,0
22.9,grocery_pos,Walmart,Debit_Card,1.44,18,0,1,0
6.94,entertainment,Chevron,Credit_Card,17.08,9,0,1,0
41.34,shopping_net,Chevron,Credit_Card,1.66,13,0,1,0
431.62,travel,Starbucks,Credit_Card,1271.79,2,1,1,1
1942.59,shopping_net,Amazon,Digital_Wallet,28.43,2,0,0,1
78.36,entertainment,Walmart,Credit_Card,2.41,10,0,1,0
22.46,entertainment,Chevron,Credit_Card,5.7,13,0,1,0
15.16,entertainment,Walmart,Credit_Card,7.18,10,0,1,0
4366.21,misc_net,Steam,Wire_Transfer,343.78,11,1,0,1
6303.99,misc_net,Steam,Wire_Transfer,208.86,10,1,0,1
6038.65,misc_net,Amazon,Wire_Transfer,418.88,10,1,1,1
46.02,gas_transport,Walmart,Credit_Card,10.48,15,0,1,0
199.75,travel,Unknown_Foreign_Store,Credit_Card,3046.5,12,1,1,1
1221.71,shopping_net,Chevron,Digital_Wallet,44.44,23,0,1,1
27.61,grocery_pos,Walmart,Credit_Card,19.07,18,0,1,0
6083.26,misc_net,Walmart,Wire_Transfer,149.6,14,1,1,1
65.29,gas_transport,Amazon,Credit_Card,29.39,21,0,1,0
17.44,gas_transport,Walmart,Credit_Card,10.19,18,0,1,0
25.02,misc_net,Chevron,Digital_Wallet,24.1,16,0,1,0
116.27,grocery_pos,Amazon,Credit_Card,2.72,20,0,1,0
59.43,misc_net,Starbucks,Digital_Wallet,21.1,9,0,1,0
3679.94,misc_net,Walmart,Wire_Transfer,340.6,14,1,1,1
53.06,grocery_pos,Starbucks,Credit_Card,4.85,11,0,1,0
445.06,travel,Delta Air,Credit_Card,894.08,14,1,1,1
595.16,travel,Walmart,Credit_Card,1905.79,5,1,1,1
4490.43,misc_net,Steam,Wire_Transfer,380.95,9,1,1,1
44.2,shopping_net,Chevron,Debit_Card,2.85,15,0,1,0
62.7,grocery_pos,Amazon,Credit_Card,1.48,14,0,1,0
66.61,gas_transport,Starbucks,Credit_Card,29.99,9,0,1,0
75.27,entertainment,Chevron,Debit_Card,9.27,14,0,1,0
3612.3,misc_net,Delta Air,Wire_Transfer,466.34,12,1,0,1
59.68,gas_transport,Starbucks,Credit_Card,16.09,20,0,1,0
4982.46,misc_net,Starbucks,Wire_Transfer,425.34,11,1,0,1
20.98,shopping_net,Starbucks,Credit_Card,19.31,18,0,1,0
4055.04,misc_net,Unknown_Foreign_Store,Wire_Transfer,299.01,9,1,1,1
25.63,travel,Chevron,Credit_Card,8.99,17,0,1,0
255.48,travel,Chevron,Credit_Card,3906.76,15,1,1,1
5312.48,misc_net,Chevron,Wire_Transfer,171.32,16,1,1,1
90.19,grocery_pos,Amazon,Credit_Card,21.32,19,0,1,0
897.67,shopping_net,Chevron,Digital_Wallet,13.58,23,0,1,1
6694.18,misc_net,Walmart,Wire_Transfer,456.35,9,1,1,1
18.4,travel,Walmart,Debit_Card,2.41,17,0,1,0
61.68,grocery_pos,Amazon,Digital_Wallet,13.12,8,0,1,0
1213.09,shopping_net,Unknown_Foreign_Store,Digital_Wallet,8.05,2,0,1,1
-6.53,shopping_net,Chevron,Debit_Card,7.63,17,0,1,0
1592.48,shopping_net,Delta Air,Digital_Wallet,39.24,0,0,1,1
529.32,travel,Amazon,Credit_Card,2126.7,22,1,1,1
70.93,entertainment,Walmart,Credit_Card,29.11,18,0,1,0
34.4,shopping_net,Amazon,Credit_Card,15.5,13,0,1,0
53.55,grocery_pos,Starbucks,Debit_Card,11.7,11,0,1,0
3637.32,misc_net,Unknown_Foreign_Store,Wire_Transfer,234.73,12,1,1,1
588.14,travel,Starbucks,Credit_Card,647.88,13,1,0,1
57.4,gas_transport,Amazon,Credit_Card,21.45,11,0,1,0
68.61,grocery_pos,Chevron,Credit_Card,4.8,13,0,1,0
64.95,gas_transport,Walmart,Credit_Card,13.73,11,0,1,0
51.28,entertainment,Chevron,Digital_Wallet,24.12,20,0,1,0
4227.29,misc_net,Chevron,Wire_Transfer,222.11,14,1,0,1
1227.03,shopping_net,Amazon,Digital_Wallet,37.66,2,0,1,1
38.13,misc_net,Chevron,Credit_Card,19.65,14,0,1,0
13.77,gas_transport,Chevron,Digital_Wallet,5.63,17,0,1,0
359.16,travel,Steam,Credit_Card,3073.96,13,1,1,1
96.58,grocery_pos,Amazon,Debit_Card,26.11,20,0,1,0
1323.39,shopping_net,Starbucks,Digital_Wallet,20.6,2,0,1,1
4470.46,misc_net,Amazon,Wire_Transfer,131.11,11,1,1,1
43.46,grocery_pos,Amazon,Debit_Card,25.59,16,0,1,0
555.64,travel,Steam,Credit_Card,1272.36,23,1,1,1
75.16,shopping_net,Starbucks,Debit_Card,18.77,20,0,1,0
72.96,gas_transport,Amazon,Credit_Card,28.5,20,0,1,0
50.36,gas_transport,Chevron,Digital_Wallet,12.32,10,0,1,0
4597.33,misc_net,Unknown_Foreign_Store,Wire_Transfer,104.5,12,1,0,1
1163.24,shopping_net,Walmart,Digital_Wallet,15.43,1,0,1,1
66.41,gas_transport,Starbucks,Credit_Card,26.05,8,0,1,0
36.92,misc_net,Chevron,Debit_Card,24.84,18,0,1,0
315.71,travel,Amazon,Credit_Card,1167.7,9,1,0,1
43.32,entertainment,Chevron,Credit_Card,15.45,8,0,1,0
990.0,shopping_net,Starbucks,Digital_Wallet,40.31,23,0,1,1
5087.7,misc_net,Walmart,Wire_Transfer,420.46,16,1,0,1
1658.22,shopping_net,Walmart,Digital_Wallet,40.18,2,0,0,1
579.44,travel,Chevron,Credit_Card,1106.57,14,1,1,1
84.87,entertainment,Chevron,Credit_Card,5.38,15,0,1,0
5011.16,misc_net,Unknown_Foreign_Store,Wire_Transfer,123.97,12,1,0,1
4503.69,misc_net,Walmart,Wire_Transfer,141.42,14,1,0,1
29.46,grocery_pos,Amazon,Credit_Card,6.73,8,0,1,0
357.97,travel,Starbucks,Credit_Card,3846.91,10,1,0,1
367.0,travel,Starbucks,Credit_Card,4956.61,0,1,1,1
47.06,travel,Starbucks,Credit_Card,0.78,20,0,1,0
833.01,shopping_net,Starbucks,Digital_Wallet,11.09,23,0,0,1
460.69,travel,Unknown_Foreign_Store,Credit_Card,4517.37,0,1,1,1
38.4,entertainment,Amazon,Credit_Card,17.33,21,0,1,0
41.2,misc_net,Walmart,Credit_Card,17.94,16,0,1,0
1315.89,shopping_net,Starbucks,Digital_Wallet,29.0,0,0,1,1
522.76,travel,Steam,Credit_Card,2001.99,3,1,0,1
44.79,grocery_pos,Chevron,Debit_Card,13.9,18,0,1,0
46.26,entertainment,Chevron,Credit_Card,20.18,12,0,1,0
62.15,grocery_pos,Walmart,Credit_Card,12.66,11,0,1,0
29.59,travel,Amazon,Credit_Card,2.34,11,0,1,0
1307.54,shopping_net,Chevron,Digital_Wallet,35.18,1,0,1,1
64.9,misc_net,Starbucks,Digital_Wallet,12.59,15,0,1,0
86.17,gas_transport,Starbucks,Credit_Card,2.14,12,0,1,0
6.06,shopping_net,Amazon,Credit_Card,23.8,14,0,1,0
-16.37,entertainment,Starbucks,Debit_Card,14.74,10,0,1,0
5483.33,misc_net,Delta Air,Wire_Transfer,118.9,15,1,0,1
483.95,travel,Amazon,Credit_Card,1733.09,16,1,0,1
5774.38,misc_net,Steam,Wire_Transfer,158.07,12,1,1,1
1457.07,shopping_net,Walmart,Digital_Wallet,24.25,1,0,0,1
6212.98,misc_net,Amazon,Wire_Transfer,480.26,12,1,1,1
-10.46,grocery_pos,Amazon,Credit_Card,19.84,8,0,1,0
70.23,gas_transport,Chevron,Debit_Card,8.93,16,0,1,0
764.87,shopping_net,Walmart,Digital_Wallet,22.88,23,0,1,1
408.98,travel,Unknown_Foreign_Store,Credit_Card,2170.52,4,1,0,1
4008.05,misc_net,Walmart,Wire_Transfer,453.27,14,1,0,1
3971.39,misc_net,Chevron,Wire_Transfer,432.79,11,1,1,1
52.73,grocery_pos,Chevron,Debit_Card,27.01,12,0,1,0
566.57,travel,Unknown_Foreign_Store,Credit_Card,4834.33,14,1,1,1
28.22,misc_net,Chevron,Credit_Card,6.16,11,0,1,0
6850.78,misc_net,Steam,Wire_Transfer,180.3,9,1,1,1
30.48,grocery_pos,Amazon,Debit_Card,21.28,17,0,1,0
28.95,gas_transport,Chevron,Debit_Card,17.31,13,0,1,0
68.82,grocery_pos,Starbucks,Credit_Card,7.41,19,0,1,0
46.85,grocery_pos,Chevron,Credit_Card,24.5,9,0,1,0
81.26,entertainment,Chevron,Credit_Card,6.35,12,0,1,0
46.65,grocery_pos,Chevron,Credit_Card,12.24,18,0,1,0
19.71,gas_transport,Walmart,Credit_Card,25.13,20,0,1,0
4492.31,misc_net,Chevron,Wire_Transfer,471.51,14,1,1,1
3251.97,misc_net,Walmart,Wire_Transfer,353.34,11,1,0,1
4692.64,misc_net,Amazon,Wire_Transfer,454.23,11,1,0,1
55.88,grocery_pos,Amazon,Credit_Card,24.67,14,0,1,0
835.12,shopping_net,Unknown_Foreign_Store,Digital_Wallet,29.41,1,0,1,1
79.23,grocery_pos,Amazon,Credit_Card,13.03,19,0,1,0
26.1,grocery_pos,Starbucks,Credit_Card,23.37,20,0,1,0
5642.11,misc_net,Chevron,Wire_Transfer,203.95,11,1,1,1
5101.42,misc_net,Steam,Wire_Transfer,216.12,13,1,0,1
57.25,grocery_pos,Walmart,Credit_Card,27.09,9,0,1,0
28.06,grocery_pos,Starbucks,Credit_Card,22.26,21,0,1,0
88.22,travel,Amazon,Credit_Card,2717.71,21,1,0,1
1004.74,shopping_net,Amazon,Digital_Wallet,14.29,2,0,0,1
40.4,travel,Starbucks,Digital_Wallet,2.0,13,0,1,0
500.07,travel,Chevron,Credit_Card,3680.12,12,1,0,1
1900.97,shopping_net,Amazon,Digital_Wallet,34.32,23,0,1,1
5434.89,misc_net,Unknown_Foreign_Store,Wire_Transfer,384.72,16,1,1,1
4107.54,misc_net,Delta Air,Wire_Transfer,349.55,12,1,0,1
325.03,travel,Starbucks,Credit_Card,4764.46,20,1,0,1
5249.21,misc_net,Chevron,Wire_Transfer,350.06,13,1,1,1
1111.02,shopping_net,Unknown_Foreign_Store,Digital_Wallet,44.21,0,0,1,1
516.82,travel,Starbucks,Credit_Card,2184.41,5,1,1,1
38.11,travel,Chevron,Credit_Card,8.08,8,0,1,0
27.45,travel,Walmart,Credit_Card,27.08,16,0,1,0
62.01,entertainment,Starbucks,Credit_Card,14.97,9,0,1,0
-8.78,grocery_pos,Starbucks,Debit_Card,20.21,17,0,1,0
46.45,travel,Amazon,Credit_Card,16.96,15,0,1,0
80.4,misc_net,Starbucks,Debit_Card,0.82,12,0,1,0
1118.5,shopping_net,Chevron,Digital_Wallet,13.79,0,0,1,1
15.27,grocery_pos,Amazon,Credit_Card,1.37,11,0,1,0
27.07,travel,Starbucks,Debit_Card,1.89,21,0,1,0
66.47,grocery_pos,Amazon,Credit_Card,20.86,15,0,1,0
1334.01,shopping_net,Amazon,Digital_Wallet,19.39,0,0,1,1
23.04,grocery_pos,Chevron,Credit_Card,7.1,18,0,1,0
3508.28,misc_net,Steam,Wire_Transfer,432.33,9,1,1,1
44.71,grocery_pos,Walmart,Credit_Card,0.96,15,0,1,0
1.96,grocery_pos,Amazon,Debit_Card,15.95,17,0,1,0
4832.37,misc_net,Walmart,Wire_Transfer,378.2,16,1,0,1
49.03,shopping_net,Walmart,Digital_Wallet,4.89,10,0,1,0
70.27,entertainment,Starbucks,Digital_Wallet,1.12,15,0,1,0
358.34,travel,Chevron,Credit_Card,4221.02,17,1,0,1
80.5,gas_transport,Amazon,Credit_Card,25.33,21,0,1,0
38.14,travel,Amazon,Digital_Wallet,2.53,19,0,1,0
18.42,grocery_pos,Starbucks,Credit_Card,10.97,9,0,1,0
71.18,grocery_pos,Amazon,Debit_Card,4.36,20,0,1,0
78.8,gas_transport,Starbucks,Credit_Card,5.22,12,0,1,0
10.38,gas_transport,Chevron,Debit_Card,16.83,19,0,1,0
284.47,travel,Walmart,Credit_Card,1495.71,16,1,0,1
4211.78,misc_net,Delta Air,Wire_Transfer,484.63,15,1,1,1
2550.41,misc_net,Starbucks,Wire_Transfer,368.4,16,1,0,1
763.63,shopping_net,Unknown_Foreign_Store,Digital_Wallet,49.23,23,0,1,1
3314.18,misc_net,Amazon,Wire_Transfer,314.41,11,1,0,1
199.88,travel,Amazon,Credit_Card,4484.33,11,1,0,1
59.2,grocery_pos,Chevron,Credit_Card,13.03,21,0,1,0
4850.61,misc_net,Walmart,Wire_Transfer,124.46,14,1,0,1
-14.02,gas_transport,Chevron,Debit_Card,18.62,14,0,1,0
835.85,shopping_net,Unknown_Foreign_Store,Digital_Wallet,20.49,23,0,1,1
1532.02,shopping_net,Starbucks,Digital_Wallet,15.42,2,0,0,1
5074.89,misc_net,Amazon,Wire_Transfer,441.13,15,1,0,1
43.02,gas_transport,Amazon,Credit_Card,27.0,18,0,1,0
226.25,travel,Starbucks,Credit_Card,4575.09,15,1,0,1
384.88,travel,Delta Air,Credit_Card,1129.35,13,1,1,1
61.11,misc_net,Chevron,Digital_Wallet,14.6,19,0,1,0
37.29,gas_transport,Starbucks,Credit_Card,4.48,18,0,1,0
895.28,shopping_net,Amazon,Digital_Wallet,23.95,0,0,0,1
4403.67,misc_net,Delta Air,Wire_Transfer,150.68,16,1,1,1
42.94,entertainment,Chevron,Credit_Card,4.65,11,0,1,0
51.78,grocery_pos,Starbucks,Credit_Card,14.99,12,0,1,0
6744.21,misc_net,Unknown_Foreign_Store,Wire_Transfer,122.51,13,1,1,1
504.02,travel,Chevron,Credit_Card,1021.7,15,1,1,1
736.91,shopping_net,Delta Air,Digital_Wallet,37.44,2,0,1,1
268.01,travel,Chevron,Credit_Card,2147.06,1,1,1,1
14.7,travel,Starbucks,Credit_Card,5.49,9,0,1,0
-5.65,gas_transport,Chevron,Credit_Card,24.69,20,0,1,0
1475.31,shopping_net,Walmart,Digital_Wallet,16.59,1,0,0,1
572.59,travel,Starbucks,Credit_Card,2495.79,23,1,0,1
30.93,misc_net,Chevron,Digital_Wallet,2.53,15,0,1,0
23.95,shopping_net,Starbucks,Debit_Card,4.64,19,0,1,0
11.61,grocery_pos,Starbucks,Credit_Card,11.2,8,0,1,0
465.72,travel,Amazon,Credit_Card,3254.49,20,1,0,1
85.03,travel,Walmart,Credit_Card,11.15,19,0,1,0
904.88,shopping_net,Delta Air,Digital_Wallet,14.48,23,0,0,1
829.91,shopping_net,Amazon,Digital_Wallet,34.59,23,0,0,1
5823.69,misc_net,Walmart,Wire_Transfer,292.21,9,1,1,1
64.65,gas_transport,Chevron,Debit_Card,22.6,16,0,1,0
79.8,gas_transport,Starbucks,Debit_Card,16.97,10,0,1,0
28.73,shopping_net,Amazon,Credit_Card,24.81,21,0,1,0
87.57,gas_transport,Chevron,Debit_Card,8.69,18,0,1,0
478.06,travel,Starbucks,Credit_Card,2476.31,16,1,0,1
82.61,grocery_pos,Amazon,Debit_Card,12.26,9,0,1,0
5175.05,misc_net,Delta Air,Wire_Transfer,413.89,14,1,0,1
6370.42,misc_net,Unknown_Foreign_Store,Wire_Transfer,336.58,10,1,1,1
499.66,travel,Chevron,Credit_Card,1818.41,10,1,0,1
1084.43,shopping_net,Unknown_Foreign_Store,Digital_Wallet,14.46,0,0,1,1
79.2,entertainment,Amazon,Debit_Card,15.65,19,0,1,0
51.43,travel,Amazon,Credit_Card,18.29,17,0,1,0
464.65,travel,Walmart,Credit_Card,2015.56,20,1,1,1
1129.02,shopping_net,Walmart,Digital_Wallet,13.3,2,0,1,1
958.38,shopping_net,Steam,Digital_Wallet,29.71,1,0,1,1
135.85,travel,Steam,Credit_Card,3009.83,18,1,1,1
67.73,gas_transport,Amazon,Credit_Card,11.32,15,0,1,0
318.91,travel,Amazon,Credit_Card,633.46,0,1,1,1
4360.12,misc_net,Delta Air,Wire_Transfer,329.01,16,1,1,1
71.23,misc_net,Starbucks,Credit_Card,10.73,15,0,1,0
80.23,shopping_net,Amazon,Credit_Card,9.51,17,0,1,0
41.59,travel,Chevron,Credit_Card,5.94,13,0,1,0
3292.88,misc_net,Chevron,Wire_Transfer,490.13,9,1,1,1
3500.85,misc_net,Steam,Wire_Transfer,177.49,16,1,1,1
74.9,shopping_net,Walmart,Debit_Card,9.85,21,0,1,0
91.42,gas_transport,Starbucks,Debit_Card,28.7,14,0,1,0
41.16,travel,Walmart,Debit_Card,24.52,11,0,1,0
10.16,grocery_pos,Amazon,Debit_Card,22.01,14,0,1,0
106.78,entertainment,Chevron,Digital_Wallet,11.57,9,0,1,0
924.03,shopping_net,Unknown_Foreign_Store,Digital_Wallet,13.05,0,0,0,1
25.16,gas_transport,Chevron,Credit_Card,1.89,18,0,1,0
6141.96,misc_net,Delta Air,Wire_Transfer,429.42,14,1,0,1
674.34,travel,Delta Air,Credit_Card,1342.61,4,1,0,1
29.39,entertainment,Starbucks,Credit_Card,1.84,18,0,1,0
85.89,gas_transport,Amazon,Credit_Card,13.55,16,0,1,0
794.54,shopping_net,Amazon,Digital_Wallet,45.76,0,0,1,1
5387.22,misc_net,Starbucks,Wire_Transfer,470.36,11,1,1,1
1453.19,shopping_net,Delta Air,Digital_Wallet,25.9,23,0,1,1
547.76,travel,Delta Air,Credit_Card,2124.37,14,1,0,1
5623.42,misc_net,Amazon,Wire_Transfer,240.53,15,1,0,1
54.78,gas_transport,Starbucks,Credit_Card,15.28,16,0,1,0
958.69,shopping_net,Walmart,Digital_Wallet,26.88,23,0,1,1
34.73,gas_transport,Walmart,Credit_Card,21.68,8,0,1,0
4679.38,misc_net,Chevron,Wire_Transfer,320.72,16,1,0,1
53.9,grocery_pos,Starbucks,Credit_Card,25.04,20,0,1,0
16.79,misc_net,Amazon,Digital_Wallet,25.19,12,0,1,0
63.73,grocery_pos,Amazon,Credit_Card,28.27,10,0,1,0
4336.66,misc_net,Delta Air,Wire_Transfer,130.5,14,1,1,1
1098.4,shopping_net,Steam,Digital_Wallet,15.84,0,0,0,1
1318.73,shopping_net,Amazon,Digital_Wallet,42.42,1,0,0,1
5412.46,misc_net,Walmart,Wire_Transfer,287.32,9,1,1,1
189.81,travel,Delta Air,Credit_Card,4433.45,20,1,1,1
1050.21,shopping_net,Starbucks,Digital_Wallet,19.45,2,0,0,1
46.53,grocery_pos,Walmart,Credit_Card,14.3,20,0,1,0
666.6,travel,Unknown_Foreign_Store,Credit_Card,4867.44,6,1,0,1
5480.0,misc_net,Amazon,Wire_Transfer,493.26,13,1,0,1
18.05,grocery_pos,Amazon,Credit_Card,27.43,10,0,1,0
12.09,gas_transport,Chevron,Credit_Card,28.24,10,0,1,0
39.53,gas_transport,Starbucks,Credit_Card,2.81,12,0,1,0
18.91,grocery_pos,Walmart,Credit_Card,28.45,9,0,1,0
39.8,misc_net,Amazon,Credit_Card,14.54,13,0,1,0
4987.14,misc_net,Walmart,Wire_Transfer,428.41,12,1,1,1
452.17,travel,Amazon,Credit_Card,3428.77,7,1,0,1
573.14,travel,Walmart,Credit_Card,2592.7,13,1,0,1
3392.63,misc_net,Amazon,Wire_Transfer,317.12,11,1,1,1
1028.22,shopping_net,Delta Air,Digital_Wallet,28.5,2,0,1,1
44.48,entertainment,Starbucks,Credit_Card,26.08,12,0,1,0
233.23,travel,Steam,Credit_Card,1970.82,14,1,0,1
55.37,travel,Walmart,Credit_Card,15.82,11,0,1,0
58.85,shopping_net,Starbucks,Credit_Card,2.85,10,0,1,0
10.75,grocery_pos,Chevron,Credit_Card,17.36,16,0,1,0
773.47,shopping_net,Amazon,Digital_Wallet,11.51,0,0,0,1
46.99,travel,Walmart,Debit_Card,4.06,9,0,1,0
550.16,travel,Chevron,Credit_Card,4863.14,7,1,0,1
49.94,grocery_pos,Starbucks,Credit_Card,3.39,8,0,1,0
11.24,gas_transport,Chevron,Debit_Card,12.07,21,0,1,0
5634.94,misc_net,Steam,Wire_Transfer,352.42,16,1,0,1
4982.5,misc_net,Walmart,Wire_Transfer,185.43,15,1,0,1
40.46,gas_transport,Chevron,Credit_Card,14.31,20,0,1,0
5288.67,misc_net,Chevron,Wire_Transfer,308.51,14,1,0,1
1214.26,shopping_net,Chevron,Digital_Wallet,15.72,23,0,0,1
868.77,shopping_net,Starbucks,Digital_Wallet,21.24,0,0,1,1
650.14,travel,Walmart,Credit_Card,4306.69,3,1,0,1
923.16,shopping_net,Steam,Digital_Wallet,40.09,0,0,1,1
4521.92,misc_net,Chevron,Wire_Transfer,165.76,9,1,1,1
1358.76,shopping_net,Chevron,Digital_Wallet,26.02,23,0,1,1
291.73,travel,Delta Air,Credit_Card,3312.93,19,1,1,1
38.51,gas_transport,Starbucks,Credit_Card,9.84,21,0,1,0
587.8,travel,Starbucks,Credit_Card,4440.28,18,1,1,1
68.91,travel,Chevron,Credit_Card,9.0,19,0,1,0
949.67,shopping_net,Walmart,Digital_Wallet,13.55,0,0,1,1
29.19,shopping_net,Amazon,Credit_Card,28.38,19,0,1,0
4.29,gas_transport,Chevron,Digital_Wallet,23.13,14,0,1,0
667.84,travel,Steam,Credit_Card,565.78,10,1,0,1
5935.68,misc_net,Walmart,Wire_Transfer,398.06,15,1,0,1
5072.61,misc_net,Delta Air,Wire_Transfer,222.92,10,1,1,1
57.41,misc_net,Amazon,Debit_Card,12.36,18,0,1,0
642.6,travel,Chevron,Credit_Card,3321.37,15,1,1,1
1082.16,shopping_net,Delta Air,Digital_Wallet,42.14,0,0,1,1
5940.72,misc_net,Walmart,Wire_Transfer,146.43,11,1,1,1
50.06,grocery_pos,Amazon,Debit_Card,29.81,15,0,1,0
5228.67,misc_net,Chevron,Wire_Transfer,101.71,13,1,0,1
256.64,travel,Starbucks,Credit_Card,3750.42,8,1,1,1
6884.43,misc_net,Amazon,Wire_Transfer,170.16,10,1,1,1
607.69,travel,Delta Air,Credit_Card,4790.42,16,1,1,1
4483.12,misc_net,Chevron,Wire_Transfer,466.35,15,1,0,1
502.92,travel,Unknown_Foreign_Store,Credit_Card,2570.3,21,1,1,1
4111.03,misc_net,Amazon,Wire_Transfer,291.67,9,1,0,1
37.07,entertainment,Amazon,Debit_Card,17.21,15,0,1,0
564.14,travel,Steam,Credit_Card,515.59,3,1,0,1
47.33,grocery_pos,Starbucks,Credit_Card,3.96,8,0,1,0
418.23,travel,Delta Air,Credit_Card,3161.33,3,1,1,1
-0.23,gas_transport,Amazon,Digital_Wallet,25.31,20,0,1,0
1167.5,shopping_net,Starbucks,Digital_Wallet,23.74,0,0,1,1
5799.91,misc_net,Amazon,Wire_Transfer,180.2,9,1,0,1
439.18,travel,Unknown_Foreign_Store,Credit_Card,3698.0,11,1,1,1
64.09,gas_transport,Walmart,Debit_Card,24.28,21,0,1,0
316.41,travel,Amazon,Credit_Card,3561.2,23,1,0,1
4941.87,misc_net,Starbucks,Wire_Transfer,401.2,11,1,0,1
94.11,travel,Starbucks,Credit_Card,2946.77,2,1,0,1
53.16,gas_transport,Walmart,Credit_Card,9.78,12,0,1,0
234.46,travel,Steam,Credit_Card,3897.17,9,1,1,1
90.5,gas_transport,Starbucks,Credit_Card,13.88,15,0,1,0
60.94,grocery_pos,Amazon,Credit_Card,13.24,12,0,1,0
1233.26,shopping_net,Steam,Digital_Wallet,35.81,23,0,1,1
-4.39,gas_transport,Chevron,Credit_Card,11.9,12,0,1,0
1193.7,shopping_net,Starbucks,Digital_Wallet,43.33,23,0,1,1
1.21,grocery_pos,Starbucks,Digital_Wallet,22.17,8,0,1,0
-5.08,misc_net,Amazon,Debit_Card,26.86,15,0,1,0
35.68,gas_transport,Amazon,Debit_Card,26.5,17,0,1,0
64.2,shopping_net,Starbucks,Debit_Card,24.08,19,0,1,0
380.14,travel,Unknown_Foreign_Store,Credit_Card,1546.56,19,1,1,1
1281.37,shopping_net,Chevron,Digital_Wallet,39.92,0,0,0,1
4597.24,misc_net,Chevron,Wire_Transfer,130.05,15,1,1,1
45.1,shopping_net,Chevron,Credit_Card,17.98,14,0,1,0
71.85,travel,Starbucks,Credit_Card,6.65,15,0,1,0
35.06,gas_transport,Amazon,Digital_Wallet,2.29,9,0,1,0
45.85,grocery_pos,Amazon,Credit_Card,19.38,15,0,1,0
42.8,grocery_pos,Starbucks,Credit_Card,15.02,18,0,1,0
554.52,travel,Starbucks,Credit_Card,1515.66,18,1,1,1
48.19,grocery_pos,Walmart,Digital_Wallet,7.44,18,0,1,0
90.09,entertainment,Amazon,Credit_Card,22.14,16,0,1,0
409.48,travel,Steam,Credit_Card,1311.06,17,1,1,1
466.85,travel,Amazon,Credit_Card,3479.74,14,1,1,1
61.7,gas_transport,Chevron,Debit_Card,4.62,16,0,1,0
5646.44,misc_net,Amazon,Wire_Transfer,406.17,10,1,1,1
1145.31,shopping_net,Amazon,Digital_Wallet,34.68,2,0,1,1
5253.26,misc_net,Steam,Wire_Transfer,159.6,16,1,1,1
47.55,entertainment,Walmart,Credit_Card,17.26,12,0,1,0
118.15,travel,Unknown_Foreign_Store,Credit_Card,4031.5,0,1,1,1
5145.61,misc_net,Walmart,Wire_Transfer,372.53,11,1,1,1
48.15,entertainment,Amazon,Credit_Card,27.65,8,0,1,0
854.55,travel,Steam,Credit_Card,1759.72,11,1,0,1
321.57,travel,Walmart,Credit_Card,1579.43,5,1,1,1
1006.51,shopping_net,Amazon,Digital_Wallet,12.03,23,0,1,1
948.43,shopping_net,Chevron,Digital_Wallet,44.22,23,0,1,1
4928.07,misc_net,Walmart,Wire_Transfer,365.52,9,1,1,1
1265.42,shopping_net,Delta Air,Digital_Wallet,6.17,1,0,0,1
65.41,shopping_net,Chevron,Credit_Card,16.94,15,0,1,0
28.65,shopping_net,Starbucks,Credit_Card,1.66,8,0,1,0
261.28,travel,Amazon,Credit_Card,3908.87,0,1,1,1
59.64,travel,Chevron,Credit_Card,8.03,16,0,1,0
77.44,shopping_net,Walmart,Credit_Card,18.06,13,0,1,0
63.25,gas_transport,Walmart,Debit_Card,22.14,13,0,1,0
12.89,travel,Walmart,Credit_Card,8.59,21,0,1,0
67.9,grocery_pos,Amazon,Credit_Card,20.38,21,0,1,0
61.48,gas_transport,Chevron,Debit_Card,11.78,8,0,1,0
1242.67,shopping_net,Unknown_Foreign_Store,Digital_Wallet,7.24,1,0,0,1
4434.71,misc_net,Delta Air,Wire_Transfer,195.78,13,1,0,1
431.84,travel,Walmart,Credit_Card,4159.65,19,1,1,1
46.94,shopping_net,Chevron,Credit_Card,27.98,8,0,1,0
1329.92,shopping_net,Starbucks,Digital_Wallet,47.21,2,0,1,1
36.05,grocery_pos,Walmart,Debit_Card,13.79,20,0,1,0
-3.41,grocery_pos,Walmart,Digital_Wallet,4.61,11,0,1,0
44.48,gas_transport,Walmart,Debit_Card,20.12,14,0,1,0
35.59,gas_transport,Starbucks,Credit_Card,19.37,16,0,1,0
1041.0,shopping_net,Unknown_Foreign_Store,Digital_Wallet,46.08,2,0,1,1
75.53,grocery_pos,Chevron,Credit_Card,9.54,20,0,1,0
673.34,travel,Chevron,Credit_Card,1924.42,9,1,0,1
5076.11,misc_net,Delta Air,Wire_Transfer,279.64,10,1,1,1
58.05,gas_transport,Walmart,Credit_Card,14.14,11,0,1,0
42.11,gas_transport,Starbucks,Digital_Wallet,16.71,19,0,1,0
5717.17,misc_net,Unknown_Foreign_Store,Wire_Transfer,421.22,10,1,1,1
6542.31,misc_net,Starbucks,Wire_Transfer,216.82,16,1,0,1
72.09,grocery_pos,Amazon,Credit_Card,16.21,12,0,1,0
48.75,grocery_pos,Amazon,Debit_Card,28.01,9,0,1,0
1380.75,shopping_net,Starbucks,Digital_Wallet,49.89,1,0,1,1
44.97,misc_net,Starbucks,Digital_Wallet,0.74,12,0,1,0
1160.27,shopping_net,Amazon,Digital_Wallet,9.41,0,0,1,1
4635.68,misc_net,Starbucks,Wire_Transfer,214.48,9,1,0,1
4166.29,misc_net,Starbucks,Wire_Transfer,189.36,11,1,0,1
968.53,shopping_net,Starbucks,Digital_Wallet,24.05,0,0,1,1
5332.97,misc_net,Starbucks,Wire_Transfer,331.77,10,1,0,1
3800.56,misc_net,Walmart,Wire_Transfer,253.67,16,1,1,1
904.99,shopping_net,Delta Air,Digital_Wallet,25.11,2,0,0,1
52.01,gas_transport,Chevron,Debit_Card,20.71,21,0,1,0
39.53,gas_transport,Walmart,Digital_Wallet,6.08,18,0,1,0
1215.45,shopping_net,Unknown_Foreign_Store,Digital_Wallet,12.63,23,0,1,1
52.23,grocery_pos,Walmart,Credit_Card,23.37,9,0,1,0
78.34,shopping_net,Chevron,Digital_Wallet,10.38,20,0,1,0
562.62,travel,Delta Air,Credit_Card,1772.52,8,1,0,1
1326.62,shopping_net,Walmart,Digital_Wallet,43.03,0,0,1,1
44.56,gas_transport,Walmart,Credit_Card,3.45,15,0,1,0
31.87,grocery_pos,Walmart,Debit_Card,23.26,21,0,1,0
56.42,grocery_pos,Amazon,Digital_Wallet,29.04,11,0,1,0
403.59,travel,Starbucks,Credit_Card,3662.15,5,1,0,1
59.68,grocery_pos,Starbucks,Credit_Card,19.71,15,0,1,0
1370.63,shopping_net,Chevron,Digital_Wallet,44.47,2,0,1,1
26.63,gas_transport,Walmart,Credit_Card,13.66,13,0,1,0
3760.29,misc_net,Steam,Wire_Transfer,185.35,15,1,1,1
273.74,travel,Delta Air,Credit_Card,2389.8,9,1,1,1
552.51,travel,Starbucks,Credit_Card,4146.33,23,1,1,1
883.77,shopping_net,Unknown_Foreign_Store,Digital_Wallet,41.06,1,0,0,1
466.75,travel,Starbucks,Credit_Card,3113.13,10,1,0,1
1606.0,shopping_net,Starbucks,Digital_Wallet,41.67,1,0,0,1
27.93,entertainment,Amazon,Credit_Card,27.66,10,0,1,0
6083.61,misc_net,Walmart,Wire_Transfer,107.72,16,1,0,1
78.37,grocery_pos,Starbucks,Credit_Card,0.66,10,0,1,0
1754.81,shopping_net,Starbucks,Digital_Wallet,20.83,2,0,1,1
34.71,entertainment,Amazon,Credit_Card,22.23,21,0,1,0
29.72,gas_transport,Starbucks,Credit_Card,8.32,17,0,1,0
26.42,gas_transport,Walmart,Debit_Card,3.76,15,0,1,0
991.16,shopping_net,Walmart,Digital_Wallet,48.37,0,0,1,1
589.39,travel,Steam,Credit_Card,1511.07,6,1,1,1
44.39,gas_transport,Amazon,Credit_Card,15.07,9,0,1,0
347.13,travel,Starbucks,Credit_Card,3318.65,4,1,1,1
4348.66,misc_net,Chevron,Wire_Transfer,224.5,14,1,0,1
1247.03,shopping_net,Amazon,Digital_Wallet,43.12,0,0,1,1
60.85,gas_transport,Starbucks,Credit_Card,22.45,17,0,1,0
86.73,gas_transport,Chevron,Credit_Card,2.11,17,0,1,0
856.02,shopping_net,Walmart,Digital_Wallet,6.24,1,0,0,1
34.15,travel,Walmart,Debit_Card,24.76,16,0,1,0
4677.58,misc_net,Starbucks,Wire_Transfer,215.72,11,1,1,1
1379.45,shopping_net,Unknown_Foreign_Store,Digital_Wallet,17.26,23,0,0,1
348.73,travel,Amazon,Credit_Card,4373.28,18,1,0,1
713.55,travel,Steam,Credit_Card,1747.51,22,1,0,1
850.02,shopping_net,Chevron,Digital_Wallet,16.97,2,0,1,1
1861.44,shopping_net,Starbucks,Digital_Wallet,46.98,2,0,1,1
74.28,travel,Starbucks,Debit_Card,9.1,21,0,1,0
43.3,gas_transport,Starbucks,Credit_Card,1.01,15,0,1,0
31.37,grocery_pos,Walmart,Debit_Card,2.6,15,0,1,0
63.48,grocery_pos,Chevron,Credit_Card,8.16,13,0,1,0
1006.61,shopping_net,Steam,Digital_Wallet,19.57,1,0,1,1
44.86,grocery_pos,Starbucks,Credit_Card,9.53,8,0,1,0
41.14,misc_net,Amazon,Credit_Card,27.15,18,0,1,0
779.44,shopping_net,Starbucks,Digital_Wallet,26.2,2,0,1,1
36.79,grocery_pos,Walmart,Debit_Card,18.11,10,0,1,0
321.95,travel,Walmart,Credit_Card,4916.94,12,1,0,1
330.81,travel,Starbucks,Credit_Card,2080.43,14,1,1,1
4997.54,misc_net,Amazon,Wire_Transfer,110.73,10,1,0,1
5502.23,misc_net,Starbucks,Wire_Transfer,485.87,10,1,1,1
6905.0,misc_net,Amazon,Wire_Transfer,138.07,14,1,1,1
494.04,travel,Amazon,Credit_Card,3631.39,8,1,0,1
3931.94,misc_net,Unknown_Foreign_Store,Wire_Transfer,485.47,13,1,0,1
40.42,misc_net,Chevron,Debit_Card,12.7,8,0,1,0
4227.03,misc_net,Starbucks,Wire_Transfer,472.35,12,1,1,1
56.54,grocery_pos,Starbucks,Credit_Card,7.37,20,0,1,0
9.82,grocery_pos,Walmart,Debit_Card,16.41,12,0,1,0
503.65,travel,Chevron,Credit_Card,4017.25,19,1,1,1
8.7,grocery_pos,Starbucks,Debit_Card,16.26,16,0,1,0
322.65,travel,Delta Air,Credit_Card,1247.56,18,1,0,1
3717.69,misc_net,Unknown_Foreign_Store,Wire_Transfer,374.88,10,1,0,1
639.68,shopping_net,Chevron,Digital_Wallet,21.32,1,0,1,1
63.95,grocery_pos,Chevron,Credit_Card,27.31,18,0,1,0
1237.78,shopping_net,Delta Air,Digital_Wallet,41.04,1,0,0,1
46.98,gas_transport,Amazon,Credit_Card,26.93,12,0,1,0
1161.14,shopping_net,Starbucks,Digital_Wallet,13.43,0,0,1,1
67.89,gas_transport,Chevron,Credit_Card,8.43,15,0,1,0
83.29,grocery_pos,Starbucks,Credit_Card,24.69,12,0,1,0
4644.62,misc_net,Delta Air,Wire_Transfer,442.09,11,1,0,1
64.94,grocery_pos,Walmart,Credit_Card,5.54,10,0,1,0
91.35,gas_transport,Starbucks,Credit_Card,17.84,16,0,1,0
5204.0,misc_net,Chevron,Wire_Transfer,158.2,16,1,1,1
874.51,shopping_net,Delta Air,Digital_Wallet,39.0,23,0,1,1
90.87,gas_transport,Walmart,Credit_Card,13.96,14,0,1,0
1022.55,shopping_net,Chevron,Digital_Wallet,26.24,1,0,1,1
1783.18,shopping_net,Amazon,Digital_Wallet,47.84,1,0,0,1
49.8,grocery_pos,Amazon,Credit_Card,10.47,20,0,1,0
19.82,gas_transport,Starbucks,Digital_Wallet,26.54,10,0,1,0
6236.61,misc_net,Steam,Wire_Transfer,442.96,16,1,1,1
1833.76,shopping_net,Starbucks,Digital_Wallet,6.44,1,0,1,1
66.13,shopping_net,Starbucks,Debit_Card,3.95,9,0,1,0
696.81,travel,Chevron,Credit_Card,3997.53,16,1,1,1
46.38,gas_transport,Chevron,Credit_Card,21.78,17,0,1,0
1.0,travel,Amazon,Credit_Card,3721.43,14,1,1,1
120.06,travel,Chevron,Credit_Card,2350.95,20,1,1,1
1736.94,shopping_net,Steam,Digital_Wallet,43.01,1,0,1,1
-0.93,shopping_net,Amazon,Credit_Card,12.22,21,0,1,0
405.25,travel,Chevron,Credit_Card,2829.19,9,1,0,1
73.85,shopping_net,Starbucks,Credit_Card,27.31,16,0,1,0
331.87,travel,Steam,Credit_Card,4009.94,19,1,1,1
26.91,gas_transport,Chevron,Credit_Card,24.25,12,0,1,0
299.74,travel,Walmart,Credit_Card,3681.05,9,1,1,1
57.46,entertainment,Walmart,Credit_Card,28.62,14,0,1,0
5160.13,misc_net,Starbucks,Wire_Transfer,174.65,9,1,0,1
60.14,grocery_pos,Starbucks,Debit_Card,14.18,14,0,1,0
1253.46,shopping_net,Starbucks,Digital_Wallet,16.66,1,0,0,1
278.89,travel,Unknown_Foreign_Store,Credit_Card,2078.33,11,1,0,1
76.86,grocery_pos,Chevron,Credit_Card,25.66,11,0,1,0
56.14,misc_net,Walmart,Debit_Card,28.44,16,0,1,0
82.27,shopping_net,Amazon,Credit_Card,4.08,21,0,1,0
76.36,grocery_pos,Amazon,Credit_Card,29.17,19,0,1,0
40.03,travel,Chevron,Debit_Card,16.08,21,0,1,0
1277.37,shopping_net,Amazon,Digital_Wallet,36.04,23,0,1,1
89.98,travel,Amazon,Debit_Card,7.47,16,0,1,0
930.29,shopping_net,Walmart,Digital_Wallet,30.73,2,0,1,1
30.17,grocery_pos,Walmart,Credit_Card,8.18,19,0,1,0
51.32,grocery_pos,Walmart,Debit_Card,18.51,16,0,1,0
4328.29,misc_net,Chevron,Wire_Transfer,464.58,9,1,1,1
4091.59,misc_net,Starbucks,Wire_Transfer,416.06,13,1,1,1
1436.27,shopping_net,Steam,Digital_Wallet,17.75,0,0,1,1
93.29,grocery_pos,Walmart,Debit_Card,6.53,8,0,1,0
63.89,gas_transport,Amazon,Debit_Card,13.61,20,0,1,0
25.41,grocery_pos,Starbucks,Credit_Card,27.26,11,0,1,0
598.15,travel,Amazon,Credit_Card,4258.61,6,1,0,1
35.84,grocery_pos,Starbucks,Credit_Card,2.23,18,0,1,0
37.08,gas_transport,Walmart,Credit_Card,8.48,13,0,1,0
69.91,travel,Walmart,Credit_Card,29.1,9,0,1,0
35.67,grocery_pos,Walmart,Credit_Card,27.77,14,0,1,0
747.6,travel,Steam,Credit_Card,2813.18,8,1,1,1
75.09,travel,Walmart,Debit_Card,10.17,11,0,1,0
3878.72,misc_net,Starbucks,Wire_Transfer,404.51,13,1,1,1
57.37,grocery_pos,Walmart,Credit_Card,17.02,15,0,1,0
23.91,grocery_pos,Amazon,Debit_Card,6.36,15,0,1,0
12.44,gas_transport,Amazon,Credit_Card,3.94,12,0,1,0
6406.26,misc_net,Unknown_Foreign_Store,Wire_Transfer,239.64,9,1,1,1
45.22,grocery_pos,Starbucks,Credit_Card,7.58,20,0,1,0
758.09,shopping_net,Amazon,Digital_Wallet,12.38,1,0,0,1
394.6,travel,Steam,Credit_Card,2596.42,6,1,0,1
36.28,gas_transport,Chevron,Credit_Card,15.84,9,0,1,0
51.79,shopping_net,Walmart,Credit_Card,23.82,19,0,1,0
53.0,gas_transport,Amazon,Debit_Card,11.78,16,0,1,0
76.12,shopping_net,Amazon,Credit_Card,6.15,20,0,1,0
957.52,shopping_net,Steam,Digital_Wallet,24.13,1,0,1,1
74.01,shopping_net,Starbucks,Credit_Card,0.9,16,0,1,0
86.28,gas_transport,Amazon,Credit_Card,3.21,8,0,1,0
63.11,entertainment,Starbucks,Credit_Card,18.36,12,0,1,0
5561.71,misc_net,Chevron,Wire_Transfer,385.26,13,1,1,1
75.14,misc_net,Walmart,Credit_Card,3.8,9,0,1,0
43.14,gas_transport,Walmart,Credit_Card,3.12,16,0,1,0
40.11,gas_transport,Starbucks,Credit_Card,15.16,17,0,1,0
2.88,gas_transport,Chevron,Credit_Card,25.59,21,0,1,0
183.16,travel,Walmart,Credit_Card,4401.47,3,1,0,1
21.5,gas_transport,Amazon,Credit_Card,17.53,16,0,1,0
430.59,travel,Unknown_Foreign_Store,Credit_Card,2363.13,4,1,1,1
44.02,entertainment,Starbucks,Debit_Card,4.92,12,0,1,0
278.47,travel,Chevron,Credit_Card,790.21,8,1,0,1
30.74,grocery_pos,Chevron,Credit_Card,13.57,8,0,1,0
15.08,travel,Steam,Credit_Card,554.52,12,1,1,1
64.54,gas_transport,Amazon,Digital_Wallet,6.31,17,0,1,0
19.1,grocery_pos,Chevron,Credit_Card,14.88,11,0,1,0
104.54,gas_transport,Starbucks,Credit_Card,10.96,8,0,1,0
83.91,gas_transport,Chevron,Credit_Card,29.33,16,0,1,0
-0.65,grocery_pos,Starbucks,Credit_Card,18.83,10,0,1,0
4030.72,misc_net,Steam,Wire_Transfer,336.38,14,1,1,1
415.97,travel,Delta Air,Credit_Card,3217.1,14,1,1,1
20.86,gas_transport,Walmart,Credit_Card,21.52,18,0,1,0
40.55,travel,Starbucks,Debit_Card,28.86,8,0,1,0
28.09,gas_transport,Amazon,Credit_Card,28.77,12,0,1,0
45.96,shopping_net,Walmart,Credit_Card,15.83,13,0,1,0
87.16,gas_transport,Starbucks,Credit_Card,4.1,8,0,1,0
-9.27,entertainment,Chevron,Credit_Card,29.18,9,0,1,0
71.1,entertainment,Chevron,Credit_Card,10.82,18,0,1,0
1098.33,shopping_net,Starbucks,Digital_Wallet,20.75,1,0,0,1
37.75,gas_transport,Chevron,Debit_Card,24.35,17,0,1,0
107.42,grocery_pos,Starbucks,Debit_Card,18.03,9,0,1,0
27.08,travel,Chevron,Credit_Card,7.65,21,0,1,0
1568.0,shopping_net,Unknown_Foreign_Store,Digital_Wallet,46.18,2,0,1,1
20.84,grocery_pos,Chevron,Credit_Card,3.95,20,0,1,0
234.8,travel,Walmart,Credit_Card,4366.9,5,1,1,1
6409.05,misc_net,Unknown_Foreign_Store,Wire_Transfer,345.86,10,1,1,1
5091.53,misc_net,Unknown_Foreign_Store,Wire_Transfer,455.19,11,1,0,1
41.27,grocery_pos,Walmart,Credit_Card,27.15,17,0,1,0
889.81,shopping_net,Walmart,Digital_Wallet,46.59,23,0,0,1
417.79,travel,Unknown_Foreign_Store,Credit_Card,2011.8,10,1,0,1
34.6,misc_net,Walmart,Credit_Card,17.27,8,0,1,0
-7.87,misc_net,Starbucks,Debit_Card,5.28,18,0,1,0
63.55,grocery_pos,Starbucks,Debit_Card,16.32,14,0,1,0
58.66,misc_net,Chevron,Credit_Card,26.73,9,0,1,0
28.07,misc_net,Chevron,Digital_Wallet,0.97,14,0,1,0
1403.13,shopping_net,Walmart,Digital_Wallet,41.48,23,0,1,1
5514.28,misc_net,Starbucks,Wire_Transfer,204.33,9,1,0,1
467.89,travel,Starbucks,Credit_Card,3401.27,5,1,1,1
58.37,travel,Amazon,Digital_Wallet,3.68,17,0,1,0
1139.48,shopping_net,Walmart,Digital_Wallet,14.42,23,0,0,1
1193.75,shopping_net,Walmart,Digital_Wallet,28.9,0,0,0,1
472.93,shopping_net,Unknown_Foreign_Store,Digital_Wallet,12.46,2,0,0,1
449.14,travel,Amazon,Credit_Card,1139.01,23,1,1,1
35.74,misc_net,Amazon,Debit_Card,22.74,20,0,1,0
44.49,grocery_pos,Walmart,Credit_Card,3.54,12,0,1,0
45.87,gas_transport,Walmart,Credit_Card,24.67,8,0,1,0
5668.88,misc_net,Amazon,Wire_Transfer,467.54,15,1,1,1
5020.25,misc_net,Delta Air,Wire_Transfer,118.63,12,1,1,1
24.95,grocery_pos,Walmart,Credit_Card,11.01,21,0,1,0
5130.46,misc_net,Starbucks,Wire_Transfer,491.92,13,1,0,1
394.56,travel,Walmart,Credit_Card,3779.98,13,1,1,1
19.98,gas_transport,Chevron,Credit_Card,25.92,14,0,1,0
8071.34,misc_net,Amazon,Wire_Transfer,266.69,10,1,1,1
32.54,grocery_pos,Amazon,Credit_Card,3.07,8,0,1,0
515.14,travel,Starbucks,Credit_Card,2159.6,3,1,1,1
1030.61,shopping_net,Starbucks,Digital_Wallet,35.87,23,0,0,1
69.16,grocery_pos,Walmart,Credit_Card,23.24,18,0,1,0
13.59,entertainment,Walmart,Credit_Card,26.69,18,0,1,0
342.19,travel,Steam,Credit_Card,3846.64,6,1,1,1
961.56,shopping_net,Starbucks,Digital_Wallet,7.38,23,0,0,1
50.38,grocery_pos,Chevron,Debit_Card,29.2,12,0,1,0
44.19,gas_transport,Starbucks,Debit_Card,22.89,19,0,1,0
1120.93,shopping_net,Steam,Digital_Wallet,16.3,23,0,1,1
1311.32,shopping_net,Walmart,Digital_Wallet,37.94,2,0,1,1
5732.37,misc_net,Chevron,Wire_Transfer,407.26,9,1,1,1
4849.42,misc_net,Chevron,Wire_Transfer,409.0,15,1,0,1
77.59,gas_transport,Chevron,Credit_Card,14.01,16,0,1,0
-25.42,grocery_pos,Walmart,Debit_Card,14.35,13,0,1,0
4506.69,misc_net,Chevron,Wire_Transfer,383.09,16,1,1,1
5650.49,misc_net,Starbucks,Wire_Transfer,167.79,11,1,1,1
46.49,gas_transport,Chevron,Digital_Wallet,18.95,11,0,1,0
42.34,gas_transport,Starbucks,Debit_Card,25.67,8,0,1,0
517.66,travel,Unknown_Foreign_Store,Credit_Card,3391.93,17,1,1,1
37.48,gas_transport,Walmart,Debit_Card,20.87,21,0,1,0
554.42,travel,Starbucks,Credit_Card,1253.9,2,1,1,1
61.02,gas_transport,Starbucks,Credit_Card,3.88,21,0,1,0
56.52,grocery_pos,Chevron,Debit_Card,23.42,8,0,1,0
408.3,travel,Walmart,Credit_Card,3402.98,18,1,1,1
3690.02,misc_net,Unknown_Foreign_Store,Wire_Transfer,102.91,16,1,1,1
21.95,entertainment,Chevron,Credit_Card,5.18,10,0,1,0
522.53,travel,Starbucks,Credit_Card,1146.54,0,1,1,1
32.96,gas_transport,Chevron,Credit_Card,2.14,16,0,1,0
79.5,grocery_pos,Walmart,Credit_Card,27.78,18,0,1,0
62.38,entertainment,Amazon,Debit_Card,29.29,9,0,1,0
542.84,travel,Delta Air,Credit_Card,2071.97,21,1,0,1
82.25,gas_transport,Walmart,Credit_Card,9.75,11,0,1,0
2.57,shopping_net,Amazon,Digital_Wallet,21.83,20,0,1,0
9.92,gas_transport,Starbucks,Credit_Card,17.17,21,0,1,0
619.12,travel,Walmart,Credit_Card,2856.2,1,1,0,1
9.19,grocery_pos,Walmart,Digital_Wallet,19.46,15,0,1,0
63.97,shopping_net,Starbucks,Digital_Wallet,25.25,17,0,1,0
41.88,travel,Amazon,Credit_Card,8.46,11,0,1,0
70.27,grocery_pos,Chevron,Credit_Card,20.57,20,0,1,0
622.8,travel,Walmart,Credit_Card,3378.6,13,1,1,1
3915.28,misc_net,Chevron,Wire_Transfer,482.19,9,1,1,1
36.29,shopping_net,Amazon,Credit_Card,6.05,12,0,1,0
87.66,gas_transport,Walmart,Credit_Card,16.2,15,0,1,0
30.74,grocery_pos,Walmart,Debit_Card,2.48,11,0,1,0
47.23,gas_transport,Amazon,Digital_Wallet,24.8,15,0,1,0
48.81,shopping_net,Amazon,Credit_Card,20.09,16,0,1,0
23.18,gas_transport,Chevron,Credit_Card,16.29,13,0,1,0
923.82,shopping_net,Unknown_Foreign_Store,Digital_Wallet,7.07,23,0,0,1
4829.88,misc_net,Unknown_Foreign_Store,Wire_Transfer,410.04,10,1,0,1
39.02,grocery_pos,Amazon,Credit_Card,24.94,16,0,1,0
582.63,travel,Chevron,Credit_Card,1069.21,13,1,1,1
35.77,grocery_pos,Starbucks,Debit_Card,4.01,10,0,1,0
3243.32,misc_net,Amazon,Wire_Transfer,178.48,11,1,0,1
1197.12,shopping_net,Chevron,Digital_Wallet,8.85,1,0,1,1
978.91,shopping_net,Chevron,Digital_Wallet,17.4,2,0,1,1
602.34,shopping_net,Unknown_Foreign_Store,Digital_Wallet,48.28,23,0,1,1
48.1,grocery_pos,Walmart,Credit_Card,17.43,9,0,1,0
29.24,grocery_pos,Amazon,Credit_Card,2.14,11,0,1,0
38.17,travel,Walmart,Credit_Card,9.29,10,0,1,0
6.46,shopping_net,Chevron,Credit_Card,10.72,13,0,1,0
5413.37,misc_net,Walmart,Wire_Transfer,375.55,12,1,1,1
1433.08,shopping_net,Delta Air,Digital_Wallet,40.45,2,0,1,1
454.12,travel,Amazon,Credit_Card,4386.67,21,1,1,1
1174.93,shopping_net,Delta Air,Digital_Wallet,5.4,1,0,1,1
4368.28,misc_net,Amazon,Wire_Transfer,189.51,15,1,1,1
50.05,misc_net,Walmart,Debit_Card,8.63,13,0,1,0
-4.94,shopping_net,Starbucks,Credit_Card,14.15,21,0,1,0
460.66,travel,Starbucks,Credit_Card,1252.12,0,1,1,1
6379.75,misc_net,Unknown_Foreign_Store,Wire_Transfer,467.34,14,1,1,1
582.38,travel,Chevron,Credit_Card,4849.09,10,1,0,1
6422.55,misc_net,Walmart,Wire_Transfer,279.64,10,1,1,1
546.5,travel,Starbucks,Credit_Card,2236.19,9,1,0,1
37.18,grocery_pos,Walmart,Credit_Card,14.32,8,0,1,0
25.95,gas_transport,Starbucks,Credit_Card,24.37,8,0,1,0
-4.87,travel,Chevron,Debit_Card,17.55,10,0,1,0
7735.96,misc_net,Amazon,Wire_Transfer,107.49,13,1,1,1
435.38,travel,Amazon,Credit_Card,4322.19,23,1,0,1
5.65,gas_transport,Starbucks,Credit_Card,21.54,8,0,1,0
1002.24,shopping_net,Walmart,Digital_Wallet,40.7,0,0,1,1
101.76,grocery_pos,Starbucks,Credit_Card,5.79,18,0,1,0
3962.67,misc_net,Amazon,Wire_Transfer,327.16,10,1,0,1
69.38,misc_net,Amazon,Credit_Card,20.99,15,0,1,0
554.76,travel,Walmart,Credit_Card,3448.03,2,1,0,1
52.63,misc_net,Starbucks,Debit_Card,20.36,11,0,1,0
333.29,travel,Walmart,Credit_Card,745.8,4,1,0,1
78.15,entertainment,Walmart,Credit_Card,17.7,18,0,1,0
73.51,shopping_net,Amazon,Debit_Card,17.26,20,0,1,0
1580.76,shopping_net,Chevron,Digital_Wallet,23.52,0,0,1,1
729.27,shopping_net,Delta Air,Digital_Wallet,25.21,0,0,0,1
29.58,shopping_net,Starbucks,Debit_Card,17.1,9,0,1,0
407.92,travel,Steam,Credit_Card,4770.69,12,1,1,1
421.9,travel,Amazon,Credit_Card,1544.63,17,1,1,1
37.52,entertainment,Walmart,Credit_Card,15.68,10,0,1,0
292.92,travel,Chevron,Credit_Card,3655.57,9,1,1,1
5726.24,misc_net,Steam,Wire_Transfer,133.9,9,1,1,1
567.95,travel,Unknown_Foreign_Store,Credit_Card,4047.63,16,1,0,1
341.32,travel,Amazon,Credit_Card,2601.08,3,1,1,1
3919.18,misc_net,Starbucks,Wire_Transfer,449.2,16,1,1,1
49.29,grocery_pos,Walmart,Credit_Card,11.92,11,0,1,0
1244.1,shopping_net,Chevron,Digital_Wallet,18.01,2,0,0,1
60.0,travel,Chevron,Credit_Card,11.55,17,0,1,0
5037.19,misc_net,Amazon,Wire_Transfer,181.48,14,1,0,1
813.79,shopping_net,Walmart,Digital_Wallet,36.29,0,0,1,1
895.51,shopping_net,Unknown_Foreign_Store,Digital_Wallet,15.84,23,0,1,1
38.16,gas_transport,Amazon,Debit_Card,24.64,11,0,1,0
26.42,gas_transport,Walmart,Debit_Card,20.8,12,0,1,0
2050.17,shopping_net,Starbucks,Digital_Wallet,13.4,2,0,0,1
12.89,gas_transport,Chevron,Debit_Card,13.15,18,0,1,0
88.52,grocery_pos,Chevron,Debit_Card,21.24,20,0,1,0
115.6,travel,Walmart,Credit_Card,4990.81,2,1,0,1
71.25,grocery_pos,Chevron,Debit_Card,26.38,20,0,1,0
72.22,gas_transport,Chevron,Debit_Card,6.23,21,0,1,0
493.42,travel,Steam,Credit_Card,2584.53,19,1,1,1
32.38,shopping_net,Starbucks,Digital_Wallet,25.74,12,0,1,0
5362.81,misc_net,Unknown_Foreign_Store,Wire_Transfer,234.52,10,1,1,1
44.08,entertainment,Walmart,Credit_Card,24.49,18,0,1,0
2072.34,shopping_net,Delta Air,Digital_Wallet,23.64,0,0,0,1
68.74,gas_transport,Amazon,Debit_Card,20.58,19,0,1,0
896.03,shopping_net,Starbucks,Digital_Wallet,24.42,1,0,1,1
419.93,travel,Amazon,Credit_Card,2510.0,18,1,0,1
980.36,shopping_net,Steam,Digital_Wallet,18.39,1,0,1,1
4.37,gas_transport,Starbucks,Credit_Card,24.89,20,0,1,0
73.79,gas_transport,Starbucks,Debit_Card,8.09,13,0,1,0
64.58,gas_transport,Starbucks,Credit_Card,17.03,12,0,1,0
425.02,travel,Delta Air,Credit_Card,664.84,11,1,0,1
573.33,travel,Starbucks,Credit_Card,2983.88,12,1,1,1
191.5,travel,Chevron,Credit_Card,4793.09,4,1,1,1
39.84,misc_net,Walmart,Credit_Card,5.61,14,0,1,0
1221.06,shopping_net,Walmart,Digital_Wallet,28.89,23,0,1,1
15.05,gas_transport,Chevron,Debit_Card,0.55,18,0,1,0
46.69,grocery_pos,Starbucks,Credit_Card,20.17,11,0,1,0
1446.27,shopping_net,Walmart,Digital_Wallet,38.31,2,0,1,1
54.34,shopping_net,Chevron,Credit_Card,6.29,8,0,1,0
89.61,gas_transport,Starbucks,Debit_Card,28.35,20,0,1,0
904.4,shopping_net,Starbucks,Digital_Wallet,32.68,0,0,0,1
69.82,grocery_pos,Chevron,Digital_Wallet,22.32,9,0,1,0
37.12,travel,Chevron,Credit_Card,0.96,13,0,1,0
35.16,gas_transport,Starbucks,Credit_Card,23.9,10,0,1,0
42.4,gas_transport,Chevron,Credit_Card,22.14,19,0,1,0
6.69,travel,Starbucks,Digital_Wallet,7.33,11,0,1,0
4981.25,misc_net,Starbucks,Wire_Transfer,161.06,9,1,0,1
4481.13,misc_net,Steam,Wire_Transfer,306.81,15,1,1,1
30.43,grocery_pos,Starbucks,Credit_Card,26.33,12,0,1,0
31.17,travel,Starbucks,Credit_Card,26.65,18,0,1,0
89.14,shopping_net,Starbucks,Debit_Card,8.39,9,0,1,0
79.69,grocery_pos,Starbucks,Credit_Card,14.69,20,0,1,0
21.7,shopping_net,Chevron,Debit_Card,9.43,8,0,1,0
67.37,gas_transport,Amazon,Credit_Card,5.01,8,0,1,0
3011.03,misc_net,Delta Air,Wire_Transfer,172.19,13,1,0,1
4076.84,misc_net,Steam,Wire_Transfer,429.06,15,1,1,1
1196.73,shopping_net,Delta Air,Digital_Wallet,32.38,1,0,1,1
5044.19,misc_net,Chevron,Wire_Transfer,180.09,13,1,1,1
80.74,misc_net,Chevron,Debit_Card,12.43,10,0,1,0
1538.6,shopping_net,Amazon,Digital_Wallet,10.58,0,0,0,1
36.33,grocery_pos,Starbucks,Credit_Card,26.6,11,0,1,0
75.37,gas_transport,Chevron,Debit_Card,18.79,11,0,1,0
61.92,gas_transport,Amazon,Credit_Card,10.7,17,0,1,0
466.71,travel,Starbucks,Credit_Card,4133.8,16,1,0,1
448.55,travel,Chevron,Credit_Card,4384.09,0,1,0,1
232.44,travel,Unknown_Foreign_Store,Credit_Card,2347.88,21,1,0,1
381.93,shopping_net,Walmart,Digital_Wallet,8.49,0,0,0,1
548.35,travel,Steam,Credit_Card,4165.42,12,1,0,1
7.17,grocery_pos,Walmart,Debit_Card,8.96,21,0,1,0
45.58,gas_transport,Chevron,Credit_Card,17.78,15,0,1,0
3462.5,misc_net,Steam,Wire_Transfer,431.69,14,1,0,1
29.75,gas_transport,Amazon,Credit_Card,11.72,16,0,1,0
78.79,travel,Amazon,Credit_Card,4.14,21,0,1,0
5981.82,misc_net,Walmart,Wire_Transfer,369.74,11,1,1,1
90.78,entertainment,Amazon,Digital_Wallet,10.75,17,0,1,0
54.02,gas_transport,Starbucks,Digital_Wallet,20.07,19,0,1,0
372.55,travel,Amazon,Credit_Card,3691.12,18,1,1,1
518.59,travel,Unknown_Foreign_Store,Credit_Card,4170.3,3,1,0,1
47.93,grocery_pos,Starbucks,Debit_Card,22.76,16,0,1,0
131.61,travel,Unknown_Foreign_Store,Credit_Card,1727.24,18,1,1,1
930.89,shopping_net,Unknown_Foreign_Store,Digital_Wallet,35.69,1,0,1,1
260.85,travel,Chevron,Credit_Card,4284.16,17,1,1,1
49.7,gas_transport,Starbucks,Credit_Card,11.06,20,0,1,0
66.13,grocery_pos,Starbucks,Debit_Card,10.15,9,0,1,0
38.29,grocery_pos,Starbucks,Credit_Card,4.45,14,0,1,0
751.97,shopping_net,Amazon,Digital_Wallet,38.88,2,0,0,1
6390.73,misc_net,Amazon,Wire_Transfer,364.67,9,1,1,1
245.09,travel,Starbucks,Credit_Card,3658.55,6,1,0,1
34.12,travel,Starbucks,Credit_Card,10.56,14,0,1,0
1382.76,shopping_net,Chevron,Digital_Wallet,32.82,2,0,1,1
44.15,misc_net,Chevron,Credit_Card,10.16,15,0,1,0
33.52,grocery_pos,Amazon,Debit_Card,19.48,10,0,1,0
24.3,shopping_net,Amazon,Debit_Card,18.27,10,0,1,0
37.09,gas_transport,Walmart,Credit_Card,23.74,8,0,1,0
4183.23,misc_net,Unknown_Foreign_Store,Wire_Transfer,118.38,13,1,1,1
-6.28,travel,Walmart,Credit_Card,9.36,11,0,1,0
42.77,entertainment,Chevron,Credit_Card,8.81,14,0,1,0
1137.35,shopping_net,Delta Air,Digital_Wallet,42.26,2,0,1,1
486.48,travel,Starbucks,Credit_Card,2204.97,2,1,1,1
3557.01,misc_net,Delta Air,Wire_Transfer,280.35,15,1,1,1
58.02,gas_transport,Walmart,Credit_Card,27.71,12,0,1,0
45.55,grocery_pos,Walmart,Credit_Card,1.42,13,0,1,0
1394.36,shopping_net,Unknown_Foreign_Store,Digital_Wallet,8.58,1,0,1,1
1128.05,shopping_net,Unknown_Foreign_Store,Digital_Wallet,40.38,1,0,1,1
79.46,grocery_pos,Starbucks,Credit_Card,24.4,13,0,1,0
525.23,travel,Delta Air,Credit_Card,1553.83,7,1,1,1
47.17,grocery_pos,Starbucks,Credit_Card,17.15,13,0,1,0
55.84,misc_net,Chevron,Debit_Card,15.46,9,0,1,0
1556.75,shopping_net,Steam,Digital_Wallet,31.15,23,0,1,1
58.54,misc_net,Starbucks,Debit_Card,21.16,14,0,1,0
54.16,grocery_pos,Chevron,Credit_Card,26.29,18,0,1,0
37.02,grocery_pos,Starbucks,Credit_Card,4.18,13,0,1,0
95.76,grocery_pos,Walmart,Debit_Card,12.87,20,0,1,0
69.93,shopping_net,Starbucks,Credit_Card,6.41,17,0,1,0
490.56,travel,Chevron,Credit_Card,2061.63,16,1,1,1
48.74,shopping_net,Amazon,Credit_Card,28.12,10,0,1,0
1428.35,shopping_net,Delta Air,Digital_Wallet,44.73,23,0,1,1
5023.37,misc_net,Walmart,Wire_Transfer,333.1,14,1,1,1
32.05,gas_transport,Amazon,Credit_Card,25.56,11,0,1,0
-56.35,entertainment,Amazon,Debit_Card,20.52,20,0,1,0
5023.32,misc_net,Delta Air,Wire_Transfer,320.61,10,1,1,1
1446.27,shopping_net,Walmart,Digital_Wallet,14.82,2,0,0,1
64.53,shopping_net,Walmart,Credit_Card,23.85,20,0,1,0
3722.63,misc_net,Delta Air,Wire_Transfer,111.52,9,1,1,1
59.93,shopping_net,Amazon,Credit_Card,8.21,21,0,1,0
5331.6,misc_net,Amazon,Wire_Transfer,475.54,16,1,0,1
37.66,shopping_net,Starbucks,Credit_Card,12.14,19,0,1,0
4386.64,misc_net,Walmart,Wire_Transfer,253.61,15,1,1,1
15.81,shopping_net,Amazon,Credit_Card,14.77,8,0,1,0
17.96,gas_transport,Starbucks,Digital_Wallet,19.27,8,0,1,0
36.11,misc_net,Chevron,Credit_Card,14.73,20,0,1,0
233.01,travel,Chevron,Credit_Card,1862.2,10,1,1,1
63.24,entertainment,Chevron,Credit_Card,28.02,16,0,1,0
55.71,gas_transport,Starbucks,Credit_Card,2.73,13,0,1,0
1345.3,shopping_net,Amazon,Digital_Wallet,36.99,0,0,1,1
1305.33,shopping_net,Chevron,Digital_Wallet,8.76,1,0,0,1
66.9,travel,Walmart,Credit_Card,12.24,12,0,1,0
6348.86,misc_net,Delta Air,Wire_Transfer,311.09,16,1,0,1
3242.88,misc_net,Delta Air,Wire_Transfer,255.9,9,1,0,1
1550.61,shopping_net,Starbucks,Digital_Wallet,48.52,0,0,1,1
69.86,grocery_pos,Amazon,Digital_Wallet,25.38,9,0,1,0
61.85,travel,Starbucks,Credit_Card,29.96,19,0,1,0
35.96,grocery_pos,Chevron,Credit_Card,9.4,8,0,1,0
1022.99,shopping_net,Unknown_Foreign_Store,Digital_Wallet,32.38,2,0,0,1
80.2,gas_transport,Chevron,Debit_Card,10.42,17,0,1,0
1720.0,shopping_net,Chevron,Digital_Wallet,11.0,0,0,1,1
5873.16,misc_net,Chevron,Wire_Transfer,169.05,10,1,0,1
5019.29,misc_net,Starbucks,Wire_Transfer,446.94,9,1,1,1
19.23,entertainment,Starbucks,Debit_Card,14.01,19,0,1,0
384.8,travel,Starbucks,Credit_Card,3441.04,7,1,0,1
44.12,grocery_pos,Chevron,Credit_Card,21.64,20,0,1,0
14.14,grocery_pos,Chevron,Credit_Card,23.43,10,0,1,0
1288.02,shopping_net,Amazon,Digital_Wallet,5.35,1,0,1,1
2.94,travel,Chevron,Digital_Wallet,1.97,12,0,1,0
3989.34,misc_net,Walmart,Wire_Transfer,303.95,14,1,1,1
65.52,grocery_pos,Amazon,Credit_Card,15.52,18,0,1,0
13.23,gas_transport,Chevron,Credit_Card,10.14,14,0,1,0
188.71,travel,Chevron,Credit_Card,3785.05,10,1,1,1
1120.53,shopping_net,Chevron,Digital_Wallet,7.34,0,0,1,1
-4.14,shopping_net,Chevron,Credit_Card,22.8,8,0,1,0
719.19,travel,Amazon,Credit_Card,2926.36,6,1,1,1
64.16,gas_transport,Walmart,Credit_Card,28.24,12,0,1,0
406.21,travel,Delta Air,Credit_Card,2375.01,4,1,0,1
852.96,shopping_net,Steam,Digital_Wallet,25.01,2,0,1,1
3652.63,misc_net,Amazon,Wire_Transfer,149.29,16,1,0,1
8.56,grocery_pos,Walmart,Credit_Card,13.44,21,0,1,0
24.84,grocery_pos,Starbucks,Debit_Card,26.2,20,0,1,0
618.86,travel,Chevron,Credit_Card,4769.51,1,1,1,1
34.42,misc_net,Starbucks,Debit_Card,12.14,9,0,1,0
983.15,shopping_net,Walmart,Digital_Wallet,20.8,1,0,1,1
41.54,grocery_pos,Chevron,Credit_Card,4.71,10,0,1,0
319.57,travel,Starbucks,Credit_Card,2921.98,7,1,1,1
53.27,gas_transport,Amazon,Credit_Card,17.94,18,0,1,0
87.74,grocery_pos,Starbucks,Credit_Card,27.7,15,0,1,0
3489.45,misc_net,Chevron,Wire_Transfer,216.66,10,1,1,1
478.52,travel,Steam,Credit_Card,1838.13,22,1,1,1
581.55,travel,Starbucks,Credit_Card,1069.54,12,1,0,1
20.04,gas_transport,Amazon,Digital_Wallet,25.3,14,0,1,0
1798.42,shopping_net,Unknown_Foreign_Store,Digital_Wallet,22.57,1,0,1,1
20.04,grocery_pos,Amazon,Debit_Card,14.93,20,0,1,0
1200.1,shopping_net,Steam,Digital_Wallet,43.45,23,0,0,1
45.77,grocery_pos,Amazon,Credit_Card,15.1,18,0,1,0
58.7,travel,Chevron,Debit_Card,15.24,9,0,1,0
1399.8,shopping_net,Amazon,Digital_Wallet,14.93,2,0,1,1
471.9,travel,Delta Air,Credit_Card,1932.69,19,1,0,1
5.78,misc_net,Walmart,Debit_Card,0.88,21,0,1,0
4991.64,misc_net,Unknown_Foreign_Store,Wire_Transfer,317.7,14,1,1,1
7.35,grocery_pos,Starbucks,Credit_Card,27.01,17,0,1,0
1114.08,shopping_net,Walmart,Digital_Wallet,5.25,2,0,1,1
5242.24,misc_net,Chevron,Wire_Transfer,460.95,15,1,0,1
47.48,grocery_pos,Chevron,Credit_Card,5.69,12,0,1,0
62.46,gas_transport,Chevron,Debit_Card,18.89,9,0,1,0
49.6,gas_transport,Starbucks,Credit_Card,7.37,14,0,1,0
54.93,entertainment,Walmart,Credit_Card,6.24,8,0,1,0
61.37,gas_transport,Walmart,Credit_Card,21.02,11,0,1,0
56.25,grocery_pos,Walmart,Credit_Card,23.77,14,0,1,0
39.69,travel,Chevron,Credit_Card,17.09,13,0,1,0
4124.68,misc_net,Walmart,Wire_Transfer,279.48,16,1,1,1
2822.6,misc_net,Chevron,Wire_Transfer,158.76,15,1,1,1
16.46,entertainment,Starbucks,Credit_Card,11.46,8,0,1,0
4312.22,misc_net,Delta Air,Wire_Transfer,285.81,11,1,1,1
40.18,gas_transport,Walmart,Credit_Card,27.22,18,0,1,0
561.0,travel,Delta Air,Credit_Card,1181.67,3,1,1,1
1529.51,shopping_net,Walmart,Digital_Wallet,21.92,2,0,1,1
1208.65,shopping_net,Starbucks,Digital_Wallet,12.36,0,0,1,1
568.86,travel,Unknown_Foreign_Store,Credit_Card,573.56,23,1,0,1
28.86,shopping_net,Amazon,Debit_Card,2.69,16,0,1,0
131.35,travel,Unknown_Foreign_Store,Credit_Card,3214.77,0,1,0,1
48.04,gas_transport,Walmart,Credit_Card,17.21,20,0,1,0
1193.73,shopping_net,Starbucks,Digital_Wallet,26.87,2,0,1,1
28.77,travel,Amazon,Credit_Card,6.77,12,0,1,0
1606.88,shopping_net,Unknown_Foreign_Store,Digital_Wallet,40.38,23,0,0,1
9.48,grocery_pos,Amazon,Digital_Wallet,2.79,16,0,1,0
292.98,travel,Walmart,Credit_Card,3716.81,7,1,1,1
1077.9,shopping_net,Unknown_Foreign_Store,Digital_Wallet,28.9,23,0,0,1
21.69,entertainment,Starbucks,Credit_Card,24.85,20,0,1,0
36.7,gas_transport,Chevron,Debit_Card,8.55,16,0,1,0
66.37,grocery_pos,Chevron,Debit_Card,10.2,19,0,1,0
4719.72,misc_net,Delta Air,Wire_Transfer,119.83,12,1,1,1
1147.3,shopping_net,Walmart,Digital_Wallet,31.86,23,0,0,1
39.56,grocery_pos,Amazon,Credit_Card,5.5,16,0,1,0
74.79,misc_net,Starbucks,Credit_Card,12.5,8,0,1,0
79.6,grocery_pos,Amazon,Digital_Wallet,20.56,21,0,1,0
1075.26,shopping_net,Unknown_Foreign_Store,Digital_Wallet,20.09,2,0,1,1
57.28,entertainment,Chevron,Debit_Card,20.49,16,0,1,0
34.5,grocery_pos,Chevron,Credit_Card,9.97,13,0,1,0
32.17,grocery_pos,Starbucks,Debit_Card,22.01,8,0,1,0
280.49,travel,Delta Air,Credit_Card,3931.37,4,1,0,1
59.22,grocery_pos,Walmart,Credit_Card,19.54,11,0,1,0
17.53,travel,Amazon,Credit_Card,14.04,9,0,1,0
165.43,travel,Delta Air,Credit_Card,971.44,17,1,1,1
45.87,gas_transport,Walmart,Debit_Card,1.34,12,0,1,0
27.33,grocery_pos,Walmart,Credit_Card,20.48,20,0,1,0
1295.35,shopping_net,Amazon,Digital_Wallet,45.85,0,0,1,1
450.99,travel,Steam,Credit_Card,3336.87,17,1,0,1
892.07,shopping_net,Delta Air,Digital_Wallet,47.27,2,0,1,1
34.54,grocery_pos,Amazon,Credit_Card,28.72,15,0,1,0
29.44,shopping_net,Chevron,Debit_Card,22.38,10,0,1,0
26.6,misc_net,Chevron,Debit_Card,9.93,8,0,1,0
38.88,shopping_net,Starbucks,Credit_Card,11.8,17,0,1,0
47.54,grocery_pos,Chevron,Credit_Card,19.97,12,0,1,0
22.76,grocery_pos,Amazon,Credit_Card,1.17,19,0,1,0
406.08,travel,Walmart,Credit_Card,694.5,23,1,0,1
1518.49,shopping_net,Chevron,Digital_Wallet,26.13,0,0,1,1
60.1,gas_transport,Amazon,Credit_Card,11.4,16,0,1,0
1371.68,shopping_net,Steam,Digital_Wallet,22.88,2,0,0,1
914.14,shopping_net,Unknown_Foreign_Store,Digital_Wallet,44.31,0,0,0,1
-5.67,grocery_pos,Walmart,Debit_Card,13.48,14,0,1,0
1326.39,shopping_net,Starbucks,Digital_Wallet,23.09,0,0,1,1
1020.46,shopping_net,Chevron,Digital_Wallet,36.63,23,0,1,1
72.58,grocery_pos,Walmart,Credit_Card,8.26,15,0,1,0
78.33,travel,Chevron,Credit_Card,25.42,8,0,1,0
87.6,travel,Walmart,Credit_Card,21.22,20,0,1,0
1040.17,shopping_net,Delta Air,Digital_Wallet,48.78,23,0,0,1
230.55,travel,Steam,Credit_Card,4711.44,11,1,1,1
4732.73,misc_net,Chevron,Wire_Transfer,270.69,10,1,1,1
790.7,travel,Steam,Credit_Card,2124.92,13,1,1,1
50.04,grocery_pos,Walmart,Debit_Card,2.76,9,0,1,0
446.6,travel,Walmart,Credit_Card,2380.07,4,1,0,1
-5.8,gas_transport,Chevron,Credit_Card,3.65,9,0,1,0
426.67,travel,Amazon,Credit_Card,4618.63,3,1,0,1
20.74,entertainment,Starbucks,Credit_Card,20.18,13,0,1,0
662.63,travel,Delta Air,Credit_Card,1994.81,9,1,0,1
1453.46,shopping_net,Unknown_Foreign_Store,Digital_Wallet,48.93,1,0,0,1
5374.42,misc_net,Chevron,Wire_Transfer,485.26,10,1,1,1
222.93,travel,Steam,Credit_Card,4409.42,2,1,0,1
22.52,gas_transport,Chevron,Credit_Card,16.93,14,0,1,0
53.25,travel,Starbucks,Debit_Card,21.07,14,0,1,0
19.54,grocery_pos,Walmart,Credit_Card,23.54,20,0,1,0
82.08,grocery_pos,Starbucks,Credit_Card,4.91,15,0,1,0
76.5,entertainment,Chevron,Debit_Card,22.95,11,0,1,0
329.01,travel,Amazon,Credit_Card,857.62,11,1,0,1
-5.56,gas_transport,Chevron,Credit_Card,2.83,18,0,1,0
46.61,gas_transport,Amazon,Debit_Card,24.74,15,0,1,0
37.83,grocery_pos,Amazon,Credit_Card,11.45,19,0,1,0
45.84,gas_transport,Chevron,Credit_Card,10.21,12,0,1,0
566.42,travel,Starbucks,Credit_Card,2141.78,16,1,1,1
5695.46,misc_net,Chevron,Wire_Transfer,211.68,12,1,0,1
20.75,grocery_pos,Walmart,Debit_Card,1.22,20,0,1,0
33.12,entertainment,Walmart,Debit_Card,17.32,15,0,1,0
59.15,shopping_net,Walmart,Credit_Card,5.95,9,0,1,0
1755.23,shopping_net,Walmart,Digital_Wallet,13.19,23,0,0,1
1938.34,shopping_net,Starbucks,Digital_Wallet,33.46,23,0,0,1
1663.45,shopping_net,Unknown_Foreign_Store,Digital_Wallet,7.37,0,0,1,1
35.16,entertainment,Amazon,Debit_Card,12.62,9,0,1,0
66.91,grocery_pos,Starbucks,Credit_Card,11.52,20,0,1,0
29.16,grocery_pos,Chevron,Debit_Card,13.37,14,0,1,0
19.52,grocery_pos,Chevron,Digital_Wallet,10.03,15,0,1,0
198.69,travel,Amazon,Credit_Card,1378.37,11,1,0,1
101.34,travel,Walmart,Credit_Card,9.62,10,0,1,0
25.12,grocery_pos,Amazon,Credit_Card,6.22,19,0,1,0
8.34,gas_transport,Chevron,Credit_Card,21.63,13,0,1,0
1534.85,shopping_net,Steam,Digital_Wallet,43.77,1,0,0,1
509.93,travel,Unknown_Foreign_Store,Credit_Card,3302.15,17,1,0,1
4175.22,misc_net,Amazon,Wire_Transfer,133.0,11,1,0,1
78.99,grocery_pos,Chevron,Credit_Card,15.69,14,0,1,0
27.29,entertainment,Starbucks,Debit_Card,3.22,19,0,1,0
5181.46,misc_net,Chevron,Wire_Transfer,479.04,14,1,0,1
5705.64,misc_net,Steam,Wire_Transfer,212.37,14,1,0,1
1.0,travel,Unknown_Foreign_Store,Credit_Card,1430.31,9,1,1,1
67.86,shopping_net,Chevron,Credit_Card,26.79,14,0,1,0
4167.36,misc_net,Walmart,Wire_Transfer,431.09,11,1,1,1
398.37,travel,Unknown_Foreign_Store,Credit_Card,905.51,17,1,1,1
708.46,shopping_net,Starbucks,Digital_Wallet,20.66,23,0,1,1
604.78,travel,Unknown_Foreign_Store,Credit_Card,3140.22,14,1,0,1
1058.53,shopping_net,Chevron,Digital_Wallet,22.51,2,0,1,1
97.76,gas_transport,Starbucks,Digital_Wallet,6.41,16,0,1,0
4851.38,misc_net,Unknown_Foreign_Store,Wire_Transfer,357.26,9,1,1,1
36.23,shopping_net,Starbucks,Credit_Card,22.24,15,0,1,0
1154.61,shopping_net,Delta Air,Digital_Wallet,20.99,0,0,1,1
554.03,travel,Steam,Credit_Card,4647.84,7,1,0,1
1128.66,shopping_net,Chevron,Digital_Wallet,21.71,2,0,1,1
399.96,travel,Amazon,Credit_Card,2183.47,3,1,1,1
40.44,grocery_pos,Starbucks,Credit_Card,20.24,17,0,1,0
983.61,shopping_net,Delta Air,Digital_Wallet,32.74,23,0,1,1
43.14,travel,Starbucks,Credit_Card,6.24,19,0,1,0
91.2,misc_net,Chevron,Debit_Card,12.73,11,0,1,0
16.95,gas_transport,Amazon,Debit_Card,16.17,14,0,1,0
604.29,travel,Unknown_Foreign_Store,Credit_Card,962.99,14,1,1,1
282.31,travel,Delta Air,Credit_Card,4948.86,5,1,1,1
24.82,grocery_pos,Chevron,Credit_Card,18.18,8,0,1,0
118.48,travel,Walmart,Credit_Card,2830.05,13,1,1,1
50.83,grocery_pos,Amazon,Credit_Card,27.33,20,0,1,0
33.57,gas_transport,Starbucks,Debit_Card,8.73,19,0,1,0
1246.54,shopping_net,Chevron,Digital_Wallet,8.48,2,0,1,1
7435.99,misc_net,Delta Air,Wire_Transfer,499.95,14,1,1,1
327.87,travel,Unknown_Foreign_Store,Credit_Card,1317.38,2,1,1,1
60.78,gas_transport,Walmart,Debit_Card,17.3,17,0,1,0
1681.92,shopping_net,Starbucks,Digital_Wallet,48.73,1,0,0,1
30.67,gas_transport,Starbucks,Debit_Card,15.09,10,0,1,0
32.45,grocery_pos,Starbucks,Credit_Card,1.6,19,0,1,0
288.96,travel,Steam,Credit_Card,1900.57,2,1,0,1
47.07,grocery_pos,Amazon,Credit_Card,17.63,13,0,1,0
532.83,travel,Starbucks,Credit_Card,1313.71,20,1,0,1
1522.81,shopping_net,Walmart,Digital_Wallet,7.77,1,0,1,1
14.09,grocery_pos,Amazon,Credit_Card,25.06,17,0,1,0
286.33,travel,Steam,Credit_Card,4470.07,21,1,1,1
56.64,grocery_pos,Walmart,Credit_Card,2.16,13,0,1,0
63.08,entertainment,Amazon,Debit_Card,18.34,14,0,1,0
21.66,gas_transport,Starbucks,Debit_Card,20.97,11,0,1,0
40.36,gas_transport,Amazon,Credit_Card,6.56,14,0,1,0
21.5,shopping_net,Walmart,Digital_Wallet,6.32,14,0,1,0
45.23,grocery_pos,Walmart,Credit_Card,8.91,8,0,1,0
1274.27,shopping_net,Amazon,Digital_Wallet,49.01,23,0,0,1
6154.98,misc_net,Delta Air,Wire_Transfer,189.4,13,1,1,1
69.19,grocery_pos,Chevron,Credit_Card,19.59,11,0,1,0
37.49,grocery_pos,Amazon,Credit_Card,20.15,12,0,1,0
36.99,grocery_pos,Chevron,Debit_Card,19.05,14,0,1,0
-0.72,gas_transport,Amazon,Debit_Card,19.11,8,0,1,0
5381.07,misc_net,Steam,Wire_Transfer,390.68,12,1,1,1
41.32,grocery_pos,Chevron,Credit_Card,15.68,20,0,1,0
6592.61,misc_net,Steam,Wire_Transfer,438.82,13,1,0,1
4112.6,misc_net,Chevron,Wire_Transfer,423.36,13,1,1,1
35.13,gas_transport,Chevron,Credit_Card,25.97,14,0,1,0
37.61,gas_transport,Amazon,Debit_Card,7.17,9,0,1,0
1381.12,shopping_net,Starbucks,Digital_Wallet,21.4,23,0,1,1
3067.27,misc_net,Steam,Wire_Transfer,302.81,12,1,1,1
48.43,entertainment,Chevron,Debit_Card,18.39,19,0,1,0
366.17,travel,Amazon,Credit_Card,3106.13,1,1,1,1
452.82,travel,Walmart,Credit_Card,4529.46,22,1,1,1
73.45,gas_transport,Starbucks,Digital_Wallet,3.19,17,0,1,0
744.3,shopping_net,Walmart,Digital_Wallet,32.37,23,0,0,1
329.02,travel,Unknown_Foreign_Store,Credit_Card,3136.52,0,1,1,1
5271.03,misc_net,Amazon,Wire_Transfer,148.81,12,1,0,1
5055.41,misc_net,Unknown_Foreign_Store,Wire_Transfer,392.04,16,1,0,1
33.98,grocery_pos,Starbucks,Debit_Card,24.16,12,0,1,0
38.39,shopping_net,Starbucks,Credit_Card,23.39,16,0,1,0
4310.05,misc_net,Delta Air,Wire_Transfer,276.15,11,1,1,1
37.97,grocery_pos,Amazon,Digital_Wallet,4.16,18,0,1,0
62.48,entertainment,Walmart,Credit_Card,12.26,17,0,1,0
6053.01,misc_net,Chevron,Wire_Transfer,297.22,10,1,0,1
26.15,grocery_pos,Starbucks,Credit_Card,6.83,17,0,1,0
5193.92,misc_net,Unknown_Foreign_Store,Wire_Transfer,332.05,16,1,1,1
5291.28,misc_net,Delta Air,Wire_Transfer,310.2,15,1,1,1
3832.19,misc_net,Chevron,Wire_Transfer,322.72,15,1,0,1
4976.01,misc_net,Unknown_Foreign_Store,Wire_Transfer,150.98,12,1,0,1
35.6,gas_transport,Walmart,Credit_Card,20.0,18,0,1,0
77.1,misc_net,Starbucks,Credit_Card,7.21,8,0,1,0
58.06,misc_net,Amazon,Digital_Wallet,16.65,8,0,1,0
3850.98,misc_net,Amazon,Wire_Transfer,142.65,9,1,0,1
587.55,travel,Steam,Credit_Card,2244.09,18,1,0,1
44.74,gas_transport,Chevron,Credit_Card,28.46,17,0,1,0
38.12,entertainment,Amazon,Credit_Card,16.93,17,0,1,0
4804.41,misc_net,Amazon,Wire_Transfer,179.93,11,1,0,1
160.78,travel,Starbucks,Credit_Card,3528.02,21,1,1,1
68.44,grocery_pos,Chevron,Credit_Card,27.24,8,0,1,0
255.46,travel,Amazon,Credit_Card,4267.77,19,1,1,1
5396.47,misc_net,Unknown_Foreign_Store,Wire_Transfer,117.91,16,1,0,1
413.86,travel,Unknown_Foreign_Store,Credit_Card,4770.94,5,1,0,1
260.44,travel,Chevron,Credit_Card,2883.95,3,1,1,1
526.77,travel,Amazon,Credit_Card,4632.08,17,1,1,1
2838.94,misc_net,Amazon,Wire_Transfer,242.3,16,1,0,1
42.14,gas_transport,Walmart,Digital_Wallet,28.33,17,0,1,0
28.7,grocery_pos,Chevron,Debit_Card,11.17,13,0,1,0
41.56,gas_transport,Starbucks,Credit_Card,23.77,10,0,1,0
744.44,shopping_net,Steam,Digital_Wallet,49.28,0,0,0,1
-18.63,grocery_pos,Starbucks,Debit_Card,23.86,19,0,1,0
1499.76,shopping_net,Steam,Digital_Wallet,42.44,23,0,1,1
31.23,gas_transport,Amazon,Credit_Card,2.93,8,0,1,0
88.19,grocery_pos,Amazon,Digital_Wallet,24.76,9,0,1,0
6155.49,misc_net,Walmart,Wire_Transfer,434.23,11,1,0,1
102.68,gas_transport,Walmart,Credit_Card,24.08,9,0,1,0
6514.07,misc_net,Walmart,Wire_Transfer,347.26,10,1,0,1
66.11,grocery_pos,Starbucks,Credit_Card,14.05,13,0,1,0
83.33,grocery_pos,Starbucks,Credit_Card,19.32,13,0,1,0
807.0,shopping_net,Starbucks,Digital_Wallet,25.8,0,0,1,1
77.49,misc_net,Starbucks,Credit_Card,21.27,21,0,1,0
48.38,grocery_pos,Starbucks,Debit_Card,2.62,18,0,1,0
119.48,gas_transport,Walmart,Credit_Card,19.79,9,0,1,0
4400.35,misc_net,Starbucks,Wire_Transfer,447.62,14,1,1,1
35.82,gas_transport,Starbucks,Credit_Card,20.02,11,0,1,0
48.63,misc_net,Walmart,Credit_Card,17.36,10,0,1,0
1111.7,shopping_net,Unknown_Foreign_Store,Digital_Wallet,8.38,0,0,1,1
4352.68,misc_net,Chevron,Wire_Transfer,229.83,10,1,1,1
5204.43,misc_net,Amazon,Wire_Transfer,327.59,10,1,0,1
204.28,travel,Delta Air,Credit_Card,4124.17,8,1,0,1
21.77,grocery_pos,Walmart,Debit_Card,8.54,17,0,1,0
36.89,misc_net,Amazon,Debit_Card,6.07,16,0,1,0
75.15,travel,Starbucks,Debit_Card,4.67,9,0,1,0
31.16,gas_transport,Amazon,Credit_Card,22.55,14,0,1,0
42.62,grocery_pos,Walmart,Credit_Card,8.97,13,0,1,0
4282.74,misc_net,Steam,Wire_Transfer,284.36,11,1,0,1
372.39,travel,Delta Air,Credit_Card,798.35,9,1,0,1
553.03,travel,Unknown_Foreign_Store,Credit_Card,3660.42,16,1,1,1
1044.41,shopping_net,Starbucks,Digital_Wallet,44.23,2,0,1,1
673.09,travel,Starbucks,Credit_Card,553.9,15,1,0,1
1243.88,shopping_net,Unknown_Foreign_Store,Digital_Wallet,31.18,1,0,1,1
665.23,travel,Walmart,Credit_Card,4116.05,15,1,1,1
52.73,travel,Starbucks,Credit_Card,14.3,19,0,1,0
68.67,misc_net,Walmart,Credit_Card,25.29,12,0,1,0
188.37,travel,Unknown_Foreign_Store,Credit_Card,3382.8,4,1,0,1
1781.84,shopping_net,Steam,Digital_Wallet,17.01,1,0,1,1
854.12,shopping_net,Starbucks,Digital_Wallet,33.53,1,0,1,1
309.61,travel,Amazon,Credit_Card,3889.75,22,1,0,1
52.65,misc_net,Chevron,Credit_Card,27.82,17,0,1,0
4965.24,misc_net,Chevron,Wire_Transfer,492.67,15,1,0,1
73.51,grocery_pos,Starbucks,Credit_Card,0.84,16,0,1,0
1215.74,shopping_net,Amazon,Digital_Wallet,21.32,0,0,1,1
4376.16,misc_net,Starbucks,Wire_Transfer,383.02,12,1,0,1
33.56,grocery_pos,Chevron,Credit_Card,10.89,9,0,1,0
1093.59,shopping_net,Amazon,Digital_Wallet,30.33,2,0,1,1
66.21,grocery_pos,Chevron,Debit_Card,4.98,21,0,1,0
52.03,gas_transport,Walmart,Credit_Card,11.01,17,0,1,0
54.73,grocery_pos,Starbucks,Digital_Wallet,15.93,16,0,1,0
75.05,grocery_pos,Walmart,Debit_Card,10.69,17,0,1,0
17.33,gas_transport,Walmart,Credit_Card,4.21,19,0,1,0
54.04,grocery_pos,Walmart,Credit_Card,13.74,14,0,1,0
776.19,shopping_net,Amazon,Digital_Wallet,5.18,0,0,1,1
47.4,travel,Starbucks,Credit_Card,12.66,13,0,1,0
73.54,grocery_pos,Chevron,Credit_Card,5.79,12,0,1,0
6069.54,misc_net,Amazon,Wire_Transfer,264.19,10,1,0,1
32.39,gas_transport,Walmart,Credit_Card,18.25,11,0,1,0
1495.3,shopping_net,Amazon,Digital_Wallet,46.73,2,0,0,1
1800.74,misc_net,Chevron,Wire_Transfer,171.8,15,1,0,1
3777.64,misc_net,Walmart,Wire_Transfer,179.23,9,1,1,1
1196.4,shopping_net,Unknown_Foreign_Store,Digital_Wallet,27.3,23,0,1,1
1467.4,shopping_net,Walmart,Digital_Wallet,9.19,1,0,0,1
57.9,grocery_pos,Chevron,Digital_Wallet,5.36,14,0,1,0
17.39,entertainment,Amazon,Credit_Card,8.7,21,0,1,0
29.03,misc_net,Amazon,Debit_Card,15.69,13,0,1,0
5268.67,misc_net,Walmart,Wire_Transfer,131.51,16,1,0,1
823.12,shopping_net,Unknown_Foreign_Store,Digital_Wallet,38.01,1,0,0,1
58.87,gas_transport,Chevron,Digital_Wallet,11.56,8,0,1,0
47.75,gas_transport,Amazon,Digital_Wallet,29.9,12,0,1,0
32.75,gas_transport,Amazon,Credit_Card,19.32,15,0,1,0
27.06,grocery_pos,Walmart,Credit_Card,18.99,20,0,1,0
6156.53,misc_net,Chevron,Wire_Transfer,364.43,9,1,0,1
6468.37,misc_net,Starbucks,Wire_Transfer,399.49,11,1,1,1
362.76,travel,Delta Air,Credit_Card,1547.89,6,1,1,1
25.33,grocery_pos,Starbucks,Credit_Card,6.38,17,0,1,0
30.42,grocery_pos,Starbucks,Credit_Card,22.29,19,0,1,0
59.08,travel,Starbucks,Digital_Wallet,14.29,20,0,1,0
442.97,travel,Unknown_Foreign_Store,Credit_Card,2398.69,6,1,0,1
17.97,gas_transport,Walmart,Credit_Card,25.07,15,0,1,0
78.46,gas_transport,Walmart,Debit_Card,17.11,11,0,1,0
62.4,shopping_net,Walmart,Debit_Card,17.49,19,0,1,0
63.95,gas_transport,Walmart,Digital_Wallet,3.51,9,0,1,0
1341.27,shopping_net,Steam,Digital_Wallet,47.35,1,0,1,1
56.42,travel,Amazon,Credit_Card,7.21,20,0,1,0
53.49,gas_transport,Chevron,Credit_Card,1.86,8,0,1,0
21.57,misc_net,Starbucks,Debit_Card,14.78,10,0,1,0
287.46,travel,Starbucks,Credit_Card,1559.82,23,1,0,1
6522.82,misc_net,Unknown_Foreign_Store,Wire_Transfer,448.27,14,1,1,1
37.69,gas_transport,Starbucks,Credit_Card,1.53,15,0,1,0
76.07,gas_transport,Starbucks,Credit_Card,15.78,17,0,1,0
6003.37,misc_net,Steam,Wire_Transfer,472.91,15,1,1,1
70.21,gas_transport,Starbucks,Debit_Card,28.86,16,0,1,0
1335.28,shopping_net,Starbucks,Digital_Wallet,26.38,2,0,1,1
5521.98,misc_net,Amazon,Wire_Transfer,493.7,10,1,1,1
93.78,entertainment,Starbucks,Debit_Card,22.18,12,0,1,0
650.23,shopping_net,Steam,Digital_Wallet,36.46,1,0,1,1
79.64,shopping_net,Chevron,Credit_Card,22.49,16,0,1,0
60.23,misc_net,Walmart,Digital_Wallet,23.81,15,0,1,0
11.5,entertainment,Chevron,Credit_Card,27.48,18,0,1,0
5950.62,misc_net,Amazon,Wire_Transfer,194.12,15,1,1,1
1427.13,shopping_net,Unknown_Foreign_Store,Digital_Wallet,37.96,23,0,1,1
4562.27,misc_net,Steam,Wire_Transfer,475.86,9,1,1,1
741.17,shopping_net,Unknown_Foreign_Store,Digital_Wallet,36.82,23,0,0,1
1127.68,shopping_net,Unknown_Foreign_Store,Digital_Wallet,39.56,2,0,1,1
81.96,grocery_pos,Starbucks,Credit_Card,15.03,20,0,1,0
25.19,entertainment,Starbucks,Credit_Card,20.54,17,0,1,0
5452.87,misc_net,Unknown_Foreign_Store,Wire_Transfer,213.74,16,1,1,1
558.26,travel,Unknown_Foreign_Store,Credit_Card,3364.83,10,1,1,1
350.73,travel,Chevron,Credit_Card,3452.04,18,1,1,1
873.73,shopping_net,Walmart,Digital_Wallet,47.53,23,0,0,1
5.74,misc_net,Chevron,Credit_Card,6.31,12,0,1,0
6065.41,misc_net,Delta Air,Wire_Transfer,445.42,12,1,1,1
34.41,shopping_net,Walmart,Debit_Card,3.6,11,0,1,0
35.6,grocery_pos,Chevron,Credit_Card,3.03,16,0,1,0
24.37,grocery_pos,Amazon,Credit_Card,18.35,21,0,1,0
521.28,travel,Unknown_Foreign_Store,Credit_Card,1144.2,2,1,1,1
95.07,misc_net,Chevron,Debit_Card,8.24,13,0,1,0
277.02,travel,Starbucks,Credit_Card,4414.02,22,1,0,1
1291.31,shopping_net,Walmart,Digital_Wallet,8.44,1,0,0,1
1397.71,shopping_net,Amazon,Digital_Wallet,21.24,23,0,1,1
38.27,travel,Chevron,Credit_Card,1.99,19,0,1,0
50.23,grocery_pos,Chevron,Credit_Card,26.37,13,0,1,0
47.32,gas_transport,Chevron,Credit_Card,25.63,11,0,1,0
1050.01,shopping_net,Amazon,Digital_Wallet,29.69,23,0,0,1
29.24,travel,Starbucks,Credit_Card,22.26,8,0,1,0
6113.0,misc_net,Steam,Wire_Transfer,320.73,9,1,1,1
46.28,gas_transport,Starbucks,Debit_Card,4.06,8,0,1,0
52.39,gas_transport,Amazon,Debit_Card,28.53,17,0,1,0
44.08,gas_transport,Walmart,Digital_Wallet,6.5,15,0,1,0
28.44,gas_transport,Walmart,Credit_Card,28.34,14,0,1,0
4675.02,misc_net,Starbucks,Wire_Transfer,363.19,9,1,1,1
54.53,shopping_net,Walmart,Credit_Card,15.25,10,0,1,0
746.67,shopping_net,Amazon,Digital_Wallet,25.58,0,0,1,1
95.83,grocery_pos,Starbucks,Credit_Card,10.74,19,0,1,0
3579.38,misc_net,Amazon,Wire_Transfer,338.38,12,1,0,1
44.95,gas_transport,Walmart,Debit_Card,14.08,10,0,1,0
5143.44,misc_net,Chevron,Wire_Transfer,299.59,12,1,1,1
314.79,travel,Chevron,Credit_Card,2867.79,22,1,1,1
33.66,gas_transport,Starbucks,Debit_Card,20.31,21,0,1,0
28.38,travel,Amazon,Credit_Card,19.82,16,0,1,0
25.58,gas_transport,Starbucks,Debit_Card,14.66,13,0,1,0
136.89,travel,Chevron,Credit_Card,4473.8,14,1,0,1
54.08,gas_transport,Chevron,Credit_Card,6.14,10,0,1,0
1551.87,shopping_net,Starbucks,Digital_Wallet,38.8,23,0,1,1
19.09,travel,Amazon,Credit_Card,17.3,9,0,1,0
413.59,travel,Unknown_Foreign_Store,Credit_Card,4083.56,21,1,1,1
46.81,gas_transport,Chevron,Debit_Card,21.03,21,0,1,0
28.45,grocery_pos,Walmart,Debit_Card,9.8,10,0,1,0
42.02,grocery_pos,Starbucks,Credit_Card,2.59,10,0,1,0
394.38,travel,Delta Air,Credit_Card,4551.98,6,1,1,1
297.08,travel,Steam,Credit_Card,3887.52,10,1,1,1
12.03,shopping_net,Chevron,Credit_Card,12.05,8,0,1,0
26.38,misc_net,Walmart,Credit_Card,18.3,10,0,1,0
184.53,travel,Delta Air,Credit_Card,674.02,21,1,1,1
30.32,gas_transport,Chevron,Debit_Card,9.91,17,0,1,0
35.72,entertainment,Amazon,Debit_Card,20.18,8,0,1,0
5674.25,misc_net,Starbucks,Wire_Transfer,364.59,9,1,1,1
20.2,gas_transport,Amazon,Credit_Card,24.65,12,0,1,0
18.27,misc_net,Walmart,Credit_Card,14.88,15,0,1,0
62.77,misc_net,Chevron,Digital_Wallet,4.66,21,0,1,0
46.89,grocery_pos,Walmart,Debit_Card,1.25,8,0,1,0
4706.57,misc_net,Amazon,Wire_Transfer,251.86,16,1,0,1
85.56,shopping_net,Walmart,Debit_Card,6.0,16,0,1,0
5625.23,misc_net,Starbucks,Wire_Transfer,273.45,11,1,1,1
294.47,travel,Steam,Credit_Card,3513.96,19,1,1,1
6285.69,misc_net,Starbucks,Wire_Transfer,124.91,15,1,1,1
1646.34,shopping_net,Steam,Digital_Wallet,17.13,0,0,0,1
39.03,entertainment,Chevron,Debit_Card,13.45,8,0,1,0
37.43,misc_net,Amazon,Debit_Card,7.89,15,0,1,0
1629.01,shopping_net,Steam,Digital_Wallet,32.47,1,0,1,1
28.83,entertainment,Starbucks,Credit_Card,19.99,11,0,1,0
70.84,grocery_pos,Amazon,Credit_Card,20.31,13,0,1,0
396.14,travel,Amazon,Credit_Card,977.47,10,1,1,1
516.19,travel,Unknown_Foreign_Store,Credit_Card,3805.79,20,1,1,1
326.72,travel,Steam,Credit_Card,1182.25,23,1,0,1
74.46,shopping_net,Chevron,Debit_Card,29.09,9,0,1,0
48.12,misc_net,Chevron,Debit_Card,7.67,18,0,1,0
57.73,entertainment,Walmart,Credit_Card,15.93,9,0,1,0
66.81,grocery_pos,Starbucks,Digital_Wallet,6.92,14,0,1,0
710.2,shopping_net,Amazon,Digital_Wallet,29.85,2,0,1,1
191.47,travel,Amazon,Credit_Card,2615.95,17,1,0,1
28.51,grocery_pos,Starbucks,Credit_Card,10.05,13,0,1,0
9.85,gas_transport,Walmart,Credit_Card,4.52,11,0,1,0
56.69,misc_net,Chevron,Digital_Wallet,13.28,20,0,1,0
50.23,misc_net,Amazon,Credit_Card,19.41,10,0,1,0
517.19,travel,Unknown_Foreign_Store,Credit_Card,4582.8,4,1,1,1
61.73,misc_net,Chevron,Digital_Wallet,22.98,13,0,1,0
17.6,grocery_pos,Walmart,Credit_Card,11.27,19,0,1,0
3514.17,misc_net,Starbucks,Wire_Transfer,204.87,13,1,1,1
349.72,travel,Steam,Credit_Card,733.62,13,1,0,1
39.67,gas_transport,Walmart,Debit_Card,0.65,21,0,1,0
55.61,gas_transport,Chevron,Credit_Card,19.27,13,0,1,0
61.97,misc_net,Chevron,Debit_Card,5.01,8,0,1,0
569.12,travel,Delta Air,Credit_Card,3856.53,5,1,0,1
508.61,shopping_net,Walmart,Digital_Wallet,33.61,1,0,0,1
3818.11,misc_net,Chevron,Wire_Transfer,149.32,14,1,1,1
4621.68,misc_net,Starbucks,Wire_Transfer,490.07,12,1,0,1
396.88,travel,Steam,Credit_Card,4722.15,10,1,1,1
69.32,grocery_pos,Chevron,Credit_Card,29.72,21,0,1,0
71.79,grocery_pos,Chevron,Debit_Card,4.35,8,0,1,0
84.87,shopping_net,Amazon,Debit_Card,18.42,14,0,1,0
32.29,grocery_pos,Chevron,Credit_Card,18.7,15,0,1,0
1347.7,shopping_net,Starbucks,Digital_Wallet,27.44,2,0,0,1
4565.97,misc_net,Walmart,Wire_Transfer,331.55,16,1,1,1
24.72,entertainment,Amazon,Debit_Card,3.29,12,0,1,0
42.34,misc_net,Amazon,Debit_Card,20.75,20,0,1,0
46.23,gas_transport,Starbucks,Digital_Wallet,27.4,9,0,1,0
40.04,travel,Starbucks,Debit_Card,16.22,19,0,1,0
71.5,shopping_net,Walmart,Digital_Wallet,14.81,13,0,1,0
945.14,shopping_net,Amazon,Digital_Wallet,47.97,2,0,0,1
20.87,travel,Chevron,Credit_Card,21.82,14,0,1,0
1289.63,shopping_net,Unknown_Foreign_Store,Digital_Wallet,17.28,0,0,1,1
1434.44,shopping_net,Amazon,Digital_Wallet,27.94,0,0,1,1
77.5,travel,Amazon,Credit_Card,28.75,11,0,1,0
458.79,travel,Chevron,Credit_Card,3304.28,16,1,1,1
3628.06,misc_net,Chevron,Wire_Transfer,353.01,15,1,1,1
20.35,entertainment,Amazon,Credit_Card,25.57,11,0,1,0
57.57,gas_transport,Walmart,Debit_Card,17.57,11,0,1,0
53.61,gas_transport,Starbucks,Credit_Card,17.2,15,0,1,0
1399.88,shopping_net,Unknown_Foreign_Store,Digital_Wallet,28.43,23,0,0,1
65.78,shopping_net,Chevron,Credit_Card,18.48,21,0,1,0
64.21,gas_transport,Walmart,Debit_Card,16.79,17,0,1,0
56.95,travel,Chevron,Credit_Card,26.45,9,0,1,0
17.81,gas_transport,Amazon,Credit_Card,3.93,11,0,1,0
1286.72,shopping_net,Chevron,Digital_Wallet,14.39,2,0,1,1
44.34,gas_transport,Chevron,Debit_Card,9.14,20,0,1,0
19.69,shopping_net,Amazon,Debit_Card,10.65,11,0,1,0
77.29,grocery_pos,Starbucks,Credit_Card,27.87,10,0,1,0
358.44,travel,Amazon,Credit_Card,942.4,11,1,0,1
94.4,gas_transport,Starbucks,Credit_Card,29.96,19,0,1,0
27.0,grocery_pos,Starbucks,Digital_Wallet,27.81,12,0,1,0
1171.76,shopping_net,Chevron,Digital_Wallet,16.58,23,0,1,1
37.62,grocery_pos,Starbucks,Credit_Card,2.67,21,0,1,0
64.11,entertainment,Starbucks,Credit_Card,10.43,17,0,1,0
27.98,grocery_pos,Chevron,Credit_Card,21.18,18,0,1,0
57.64,travel,Starbucks,Debit_Card,25.22,17,0,1,0
28.65,gas_transport,Chevron,Credit_Card,6.64,18,0,1,0
702.75,travel,Amazon,Credit_Card,653.58,21,1,1,1
71.37,misc_net,Amazon,Credit_Card,9.99,9,0,1,0
5033.41,misc_net,Amazon,Wire_Transfer,198.94,15,1,1,1
4424.67,misc_net,Delta Air,Wire_Transfer,401.85,15,1,1,1
1608.53,shopping_net,Starbucks,Digital_Wallet,35.45,0,0,1,1
48.88,grocery_pos,Chevron,Digital_Wallet,16.48,20,0,1,0
43.35,grocery_pos,Starbucks,Debit_Card,17.4,17,0,1,0
953.61,shopping_net,Walmart,Digital_Wallet,18.11,0,0,1,1
54.66,gas_transport,Chevron,Credit_Card,19.57,12,0,1,0
1143.78,shopping_net,Starbucks,Digital_Wallet,19.61,2,0,1,1
5156.11,misc_net,Unknown_Foreign_Store,Wire_Transfer,367.06,14,1,1,1
4452.93,misc_net,Unknown_Foreign_Store,Wire_Transfer,432.03,15,1,0,1
9.32,travel,Walmart,Credit_Card,16.87,9,0,1,0
256.42,travel,Chevron,Credit_Card,3007.61,15,1,1,1
31.9,travel,Walmart,Credit_Card,1.25,20,0,1,0
7.56,travel,Walmart,Credit_Card,19.17,13,0,1,0
13.32,entertainment,Walmart,Credit_Card,24.53,16,0,1,0
4568.18,misc_net,Unknown_Foreign_Store,Wire_Transfer,263.1,13,1,1,1
40.7,travel,Chevron,Debit_Card,9.32,15,0,1,0
4241.47,misc_net,Walmart,Wire_Transfer,473.27,12,1,1,1
1167.11,shopping_net,Walmart,Digital_Wallet,42.82,23,0,0,1
355.55,travel,Amazon,Credit_Card,3414.7,11,1,1,1
9.83,gas_transport,Chevron,Debit_Card,19.8,14,0,1,0
5392.67,misc_net,Walmart,Wire_Transfer,405.85,13,1,1,1
4990.94,misc_net,Steam,Wire_Transfer,301.53,14,1,0,1
2.05,gas_transport,Starbucks,Credit_Card,12.86,16,0,1,0
31.97,entertainment,Walmart,Debit_Card,19.52,12,0,1,0
1353.03,shopping_net,Chevron,Digital_Wallet,42.61,1,0,1,1
754.14,travel,Unknown_Foreign_Store,Credit_Card,3527.56,8,1,1,1
4734.84,misc_net,Starbucks,Wire_Transfer,274.81,13,1,1,1
-4.06,misc_net,Chevron,Digital_Wallet,9.2,21,0,1,0
322.63,travel,Starbucks,Credit_Card,2962.82,11,1,1,1
446.91,travel,Starbucks,Credit_Card,4901.44,11,1,0,1
55.2,gas_transport,Chevron,Digital_Wallet,27.12,20,0,1,0
71.05,travel,Walmart,Debit_Card,7.64,18,0,1,0
5232.73,misc_net,Starbucks,Wire_Transfer,228.05,9,1,1,1
1238.62,shopping_net,Chevron,Digital_Wallet,46.07,23,0,0,1
23.23,shopping_net,Chevron,Debit_Card,6.55,20,0,1,0
63.65,grocery_pos,Walmart,Credit_Card,2.54,10,0,1,0
6511.35,misc_net,Walmart,Wire_Transfer,240.3,12,1,0,1
36.14,grocery_pos,Starbucks,Debit_Card,28.01,16,0,1,0
55.39,entertainment,Chevron,Credit_Card,13.78,16,0,1,0
53.13,grocery_pos,Chevron,Credit_Card,19.3,9,0,1,0
56.5,grocery_pos,Chevron,Digital_Wallet,15.34,10,0,1,0
355.32,travel,Steam,Credit_Card,1340.12,6,1,1,1
1107.9,shopping_net,Unknown_Foreign_Store,Digital_Wallet,19.7,2,0,0,1
76.87,entertainment,Amazon,Credit_Card,20.81,8,0,1,0
3.58,gas_transport,Amazon,Debit_Card,20.27,10,0,1,0
42.76,grocery_pos,Amazon,Debit_Card,7.8,16,0,1,0
400.44,travel,Delta Air,Credit_Card,1442.61,2,1,1,1
19.53,grocery_pos,Starbucks,Credit_Card,22.82,14,0,1,0
44.86,gas_transport,Amazon,Credit_Card,3.56,12,0,1,0
74.99,grocery_pos,Starbucks,Debit_Card,6.86,19,0,1,0
329.42,travel,Starbucks,Credit_Card,1197.18,20,1,0,1
88.87,gas_transport,Chevron,Credit_Card,17.19,18,0,1,0
1234.25,shopping_net,Delta Air,Digital_Wallet,17.67,0,0,1,1
54.71,gas_transport,Starbucks,Debit_Card,6.87,10,0,1,0
1443.61,shopping_net,Starbucks,Digital_Wallet,11.12,2,0,1,1
5841.63,misc_net,Walmart,Wire_Transfer,172.12,14,1,0,1
353.6,travel,Steam,Credit_Card,2333.05,15,1,1,1
41.38,travel,Starbucks,Credit_Card,4.08,21,0,1,0
50.59,travel,Walmart,Credit_Card,26.91,14,0,1,0
56.06,grocery_pos,Walmart,Credit_Card,9.05,8,0,1,0
43.08,shopping_net,Chevron,Debit_Card,1.98,15,0,1,0
60.82,shopping_net,Amazon,Credit_Card,26.92,8,0,1,0
451.57,travel,Chevron,Credit_Card,1490.04,4,1,0,1
329.93,travel,Delta Air,Credit_Card,502.49,2,1,0,1
40.03,entertainment,Amazon,Debit_Card,15.98,16,0,1,0
511.17,travel,Chevron,Credit_Card,4013.72,15,1,1,1
-17.15,shopping_net,Walmart,Credit_Card,14.18,21,0,1,0
6.22,grocery_pos,Chevron,Credit_Card,11.19,13,0,1,0
130.22,travel,Starbucks,Credit_Card,1863.13,5,1,1,1
3931.95,misc_net,Walmart,Wire_Transfer,341.89,10,1,1,1
334.04,travel,Delta Air,Credit_Card,3440.03,0,1,1,1
59.16,misc_net,Amazon,Digital_Wallet,5.9,18,0,1,0
40.27,gas_transport,Chevron,Credit_Card,5.35,12,0,1,0
21.38,grocery_pos,Walmart,Debit_Card,12.13,19,0,1,0
73.83,gas_transport,Amazon,Credit_Card,14.78,19,0,1,0
65.05,gas_transport,Starbucks,Credit_Card,11.41,14,0,1,0
980.19,shopping_net,Starbucks,Digital_Wallet,28.42,0,0,1,1
4.11,entertainment,Amazon,Credit_Card,13.03,12,0,1,0
5557.18,misc_net,Walmart,Wire_Transfer,397.33,9,1,1,1
1137.04,shopping_net,Walmart,Digital_Wallet,24.33,2,0,0,1
-8.92,shopping_net,Starbucks,Debit_Card,5.23,12,0,1,0
1336.4,shopping_net,Unknown_Foreign_Store,Digital_Wallet,7.85,23,0,1,1
380.24,travel,Walmart,Credit_Card,2015.95,19,1,1,1
17.23,misc_net,Walmart,Credit_Card,9.25,18,0,1,0
48.57,shopping_net,Chevron,Credit_Card,15.01,13,0,1,0
32.62,grocery_pos,Starbucks,Credit_Card,2.12,16,0,1,0
65.61,gas_transport,Chevron,Credit_Card,14.54,15,0,1,0
103.05,gas_transport,Chevron,Credit_Card,22.3,14,0,1,0
97.6,grocery_pos,Chevron,Digital_Wallet,4.21,10,0,1,0
9.93,gas_transport,Walmart,Credit_Card,14.91,10,0,1,0
52.21,entertainment,Starbucks,Credit_Card,28.64,15,0,1,0
153.17,travel,Unknown_Foreign_Store,Credit_Card,3599.29,2,1,1,1
17.36,grocery_pos,Walmart,Debit_Card,12.4,17,0,1,0
70.25,gas_transport,Amazon,Debit_Card,20.92,13,0,1,0
1588.78,shopping_net,Starbucks,Digital_Wallet,22.96,2,0,1,1
4897.77,misc_net,Amazon,Wire_Transfer,325.04,16,1,0,1
4572.9,misc_net,Starbucks,Wire_Transfer,178.29,9,1,1,1
371.66,travel,Starbucks,Credit_Card,1170.9,11,1,1,1
4265.47,misc_net,Steam,Wire_Transfer,434.56,10,1,0,1
763.86,travel,Amazon,Credit_Card,4078.88,0,1,0,1
34.23,travel,Chevron,Credit_Card,15.47,8,0,1,0
63.33,grocery_pos,Amazon,Credit_Card,28.92,19,0,1,0
19.92,entertainment,Starbucks,Credit_Card,14.42,14,0,1,0
1148.42,shopping_net,Delta Air,Digital_Wallet,38.69,2,0,1,1
0.04,gas_transport,Chevron,Debit_Card,6.88,12,0,1,0
638.61,travel,Unknown_Foreign_Store,Credit_Card,4722.83,6,1,1,1
1109.3,shopping_net,Unknown_Foreign_Store,Digital_Wallet,46.96,1,0,1,1
46.61,shopping_net,Chevron,Debit_Card,0.51,18,0,1,0
5153.59,misc_net,Unknown_Foreign_Store,Wire_Transfer,204.07,16,1,1,1
435.79,travel,Delta Air,Credit_Card,2147.0,11,1,0,1
5683.18,misc_net,Steam,Wire_Transfer,244.96,14,1,0,1
359.77,travel,Starbucks,Credit_Card,1235.53,18,1,0,1
45.46,grocery_pos,Starbucks,Debit_Card,24.77,12,0,1,0
37.96,gas_transport,Starbucks,Credit_Card,16.54,10,0,1,0
7.68,shopping_net,Amazon,Debit_Card,12.84,15,0,1,0
315.89,travel,Steam,Credit_Card,884.6,21,1,0,1
1453.07,shopping_net,Walmart,Digital_Wallet,5.61,23,0,1,1
1410.43,shopping_net,Steam,Digital_Wallet,29.03,0,0,1,1
19.56,gas_transport,Amazon,Debit_Card,25.8,15,0,1,0
188.23,travel,Steam,Credit_Card,4469.96,10,1,0,1
1285.46,shopping_net,Amazon,Digital_Wallet,13.94,2,0,0,1
2.7,gas_transport,Chevron,Debit_Card,21.21,21,0,1,0
65.79,grocery_pos,Amazon,Debit_Card,13.65,19,0,1,0
4630.36,misc_net,Chevron,Wire_Transfer,342.24,13,1,1,1
6.86,travel,Walmart,Credit_Card,4.88,9,0,1,0
40.04,misc_net,Chevron,Credit_Card,22.42,19,0,1,0
43.44,gas_transport,Chevron,Debit_Card,11.07,9,0,1,0
5329.93,misc_net,Starbucks,Wire_Transfer,422.23,13,1,0,1
40.86,shopping_net,Walmart,Debit_Card,8.52,13,0,1,0
1223.13,shopping_net,Starbucks,Digital_Wallet,41.12,23,0,0,1
50.3,gas_transport,Starbucks,Credit_Card,21.18,9,0,1,0
84.19,shopping_net,Walmart,Digital_Wallet,5.02,20,0,1,0
362.92,travel,Delta Air,Credit_Card,1516.9,2,1,1,1
3968.17,misc_net,Delta Air,Wire_Transfer,355.08,16,1,1,1
59.81,shopping_net,Walmart,Credit_Card,14.83,17,0,1,0
1170.18,shopping_net,Starbucks,Digital_Wallet,15.14,1,0,0,1
47.5,misc_net,Chevron,Debit_Card,22.27,11,0,1,0
432.51,shopping_net,Chevron,Digital_Wallet,12.66,23,0,1,1
454.36,travel,Starbucks,Credit_Card,4361.52,18,1,1,1
34.31,travel,Chevron,Debit_Card,3.8,20,0,1,0
333.95,travel,Walmart,Credit_Card,3946.4,4,1,1,1
1517.41,shopping_net,Chevron,Digital_Wallet,19.78,0,0,0,1
65.24,gas_transport,Chevron,Credit_Card,8.03,16,0,1,0
18.71,gas_transport,Starbucks,Debit_Card,20.94,12,0,1,0
442.16,travel,Steam,Credit_Card,4924.07,21,1,1,1
1351.96,shopping_net,Steam,Digital_Wallet,6.97,2,0,1,1
16.34,grocery_pos,Starbucks,Debit_Card,10.01,12,0,1,0
446.68,travel,Starbucks,Credit_Card,1485.67,18,1,1,1
47.98,grocery_pos,Chevron,Digital_Wallet,1.43,10,0,1,0
52.17,misc_net,Amazon,Credit_Card,2.51,9,0,1,0
54.02,shopping_net,Amazon,Debit_Card,13.29,20,0,1,0
79.22,entertainment,Walmart,Debit_Card,16.87,10,0,1,0
61.79,grocery_pos,Walmart,Credit_Card,23.93,11,0,1,0
5674.89,misc_net,Delta Air,Wire_Transfer,263.96,12,1,1,1
84.56,travel,Starbucks,Credit_Card,16.93,16,0,1,0
48.75,gas_transport,Walmart,Credit_Card,6.16,11,0,1,0
79.25,grocery_pos,Amazon,Credit_Card,25.6,19,0,1,0
51.61,gas_transport,Starbucks,Credit_Card,3.73,20,0,1,0
1108.68,shopping_net,Walmart,Digital_Wallet,13.76,2,0,0,1
218.86,travel,Steam,Credit_Card,1650.4,20,1,1,1
387.57,travel,Amazon,Credit_Card,2375.24,10,1,1,1
58.58,grocery_pos,Chevron,Credit_Card,8.07,8,0,1,0
1041.02,shopping_net,Delta Air,Digital_Wallet,40.35,1,0,0,1
536.64,travel,Delta Air,Credit_Card,3671.71,21,1,0,1
512.61,shopping_net,Steam,Digital_Wallet,29.98,2,0,0,1
1410.37,shopping_net,Delta Air,Digital_Wallet,5.92,0,0,1,1
83.73,gas_transport,Starbucks,Debit_Card,20.43,18,0,1,0
55.96,grocery_pos,Amazon,Credit_Card,11.79,16,0,1,0
3172.87,misc_net,Delta Air,Wire_Transfer,277.75,9,1,1,1
4802.71,misc_net,Starbucks,Wire_Transfer,201.74,14,1,1,1
1987.02,shopping_net,Unknown_Foreign_Store,Digital_Wallet,49.79,0,0,0,1
3756.15,misc_net,Steam,Wire_Transfer,163.63,13,1,1,1
30.56,travel,Amazon,Credit_Card,0.78,16,0,1,0
34.47,gas_transport,Amazon,Debit_Card,28.39,16,0,1,0
42.74,entertainment,Amazon,Credit_Card,12.38,20,0,1,0
361.71,travel,Delta Air,Credit_Card,1560.03,17,1,1,1
6312.72,misc_net,Starbucks,Wire_Transfer,282.35,11,1,1,1
458.94,travel,Unknown_Foreign_Store,Credit_Card,1591.16,18,1,0,1
1195.35,shopping_net,Delta Air,Digital_Wallet,37.45,0,0,1,1
30.99,grocery_pos,Chevron,Credit_Card,18.9,19,0,1,0
-22.16,grocery_pos,Amazon,Credit_Card,14.62,19,0,1,0
38.84,entertainment,Amazon,Debit_Card,22.29,16,0,1,0
4462.59,misc_net,Chevron,Wire_Transfer,461.33,10,1,1,1
57.29,travel,Walmart,Credit_Card,8.38,15,0,1,0
35.12,grocery_pos,Starbucks,Debit_Card,21.19,17,0,1,0
58.01,grocery_pos,Amazon,Debit_Card,18.78,14,0,1,0
1291.7,shopping_net,Starbucks,Digital_Wallet,6.08,0,0,0,1
60.41,gas_transport,Starbucks,Credit_Card,16.35,18,0,1,0
1488.78,shopping_net,Delta Air,Digital_Wallet,20.59,23,0,0,1
897.78,shopping_net,Starbucks,Digital_Wallet,25.56,23,0,1,1
47.09,entertainment,Amazon,Debit_Card,28.43,16,0,1,0
1400.25,shopping_net,Starbucks,Digital_Wallet,43.68,2,0,1,1
24.28,misc_net,Walmart,Credit_Card,1.25,19,0,1,0
20.02,grocery_pos,Walmart,Credit_Card,7.79,19,0,1,0
31.78,entertainment,Starbucks,Debit_Card,18.69,18,0,1,0
363.03,travel,Chevron,Credit_Card,1390.22,1,1,1,1
47.59,shopping_net,Walmart,Debit_Card,13.73,10,0,1,0
1154.9,shopping_net,Starbucks,Digital_Wallet,30.04,0,0,0,1
55.73,misc_net,Amazon,Credit_Card,28.83,10,0,1,0
4435.64,misc_net,Amazon,Wire_Transfer,264.06,9,1,1,1
4439.44,misc_net,Walmart,Wire_Transfer,391.05,12,1,0,1
31.64,misc_net,Walmart,Debit_Card,0.8,19,0,1,0
1288.37,shopping_net,Starbucks,Digital_Wallet,16.38,23,0,1,1
39.42,travel,Walmart,Credit_Card,18.58,10,0,1,0
5747.4,misc_net,Steam,Wire_Transfer,473.24,15,1,1,1
328.49,travel,Starbucks,Credit_Card,740.19,1,1,1,1
407.59,travel,Walmart,Credit_Card,964.19,1,1,1,1
1105.44,shopping_net,Unknown_Foreign_Store,Digital_Wallet,13.84,1,0,0,1
336.36,travel,Unknown_Foreign_Store,Credit_Card,506.53,12,1,1,1
588.83,travel,Walmart,Credit_Card,1370.43,22,1,1,1
390.51,travel,Starbucks,Credit_Card,4419.87,10,1,0,1
1317.26,shopping_net,Walmart,Digital_Wallet,18.31,23,0,1,1
4713.0,misc_net,Starbucks,Wire_Transfer,400.63,12,1,0,1
32.26,gas_transport,Starbucks,Credit_Card,12.77,21,0,1,0
4803.55,misc_net,Unknown_Foreign_Store,Wire_Transfer,495.42,16,1,0,1
34.65,travel,Chevron,Credit_Card,28.19,16,0,1,0
769.09,shopping_net,Starbucks,Digital_Wallet,27.07,0,0,0,1
53.88,grocery_pos,Walmart,Debit_Card,15.64,12,0,1,0
1228.25,shopping_net,Unknown_Foreign_Store,Digital_Wallet,46.71,0,0,0,1
73.7,grocery_pos,Chevron,Credit_Card,24.77,8,0,1,0
42.65,travel,Walmart,Credit_Card,3.76,15,0,1,0
202.12,travel,Starbucks,Credit_Card,3852.66,2,1,0,1
44.71,grocery_pos,Walmart,Credit_Card,12.53,15,0,1,0
35.42,grocery_pos,Starbucks,Debit_Card,7.23,11,0,1,0
74.65,shopping_net,Walmart,Credit_Card,1.89,19,0,1,0
4183.98,misc_net,Delta Air,Wire_Transfer,137.96,12,1,1,1
42.79,grocery_pos,Starbucks,Credit_Card,28.44,18,0,1,0
4190.06,misc_net,Steam,Wire_Transfer,169.51,14,1,0,1
65.08,misc_net,Chevron,Credit_Card,28.88,15,0,1,0
18.84,gas_transport,Amazon,Credit_Card,7.62,12,0,1,0
42.59,travel,Starbucks,Credit_Card,4007.01,16,1,1,1
798.5,shopping_net,Amazon,Digital_Wallet,48.84,1,0,1,1
607.02,travel,Walmart,Credit_Card,3829.69,12,1,1,1
65.73,shopping_net,Chevron,Debit_Card,20.03,15,0,1,0
809.54,shopping_net,Delta Air,Digital_Wallet,24.27,0,0,1,1
153.11,travel,Chevron,Credit_Card,3119.04,17,1,0,1
33.95,shopping_net,Walmart,Debit_Card,29.52,10,0,1,0
4609.32,misc_net,Walmart,Wire_Transfer,446.91,15,1,0,1
5099.32,misc_net,Unknown_Foreign_Store,Wire_Transfer,350.27,9,1,1,1
4777.61,misc_net,Amazon,Wire_Transfer,361.26,13,1,0,1
5095.84,misc_net,Steam,Wire_Transfer,232.14,10,1,0,1
129.12,travel,Walmart,Credit_Card,2947.54,6,1,1,1
5461.18,misc_net,Walmart,Wire_Transfer,107.9,11,1,0,1
38.15,misc_net,Walmart,Credit_Card,11.81,9,0,1,0
1014.3,shopping_net,Walmart,Digital_Wallet,40.51,23,0,1,1
96.22,gas_transport,Starbucks,Credit_Card,8.24,15,0,1,0
513.41,travel,Unknown_Foreign_Store,Credit_Card,3923.07,2,1,0,1
13.04,gas_transport,Amazon,Debit_Card,15.41,18,0,1,0
44.12,gas_transport,Walmart,Digital_Wallet,25.11,17,0,1,0
5949.75,misc_net,Chevron,Wire_Transfer,324.2,11,1,1,1
6111.22,misc_net,Starbucks,Wire_Transfer,102.15,10,1,1,1
58.23,grocery_pos,Amazon,Credit_Card,3.36,13,0,1,0
6079.01,misc_net,Starbucks,Wire_Transfer,432.99,10,1,1,1
44.6,gas_transport,Chevron,Debit_Card,12.65,19,0,1,0
17.72,grocery_pos,Amazon,Credit_Card,4.97,18,0,1,0
20.05,grocery_pos,Chevron,Credit_Card,4.99,14,0,1,0
-13.24,gas_transport,Chevron,Digital_Wallet,8.93,13,0,1,0
4502.16,misc_net,Starbucks,Wire_Transfer,487.86,14,1,1,1
30.76,gas_transport,Walmart,Credit_Card,10.47,8,0,1,0
79.68,gas_transport,Walmart,Credit_Card,0.94,8,0,1,0
443.48,travel,Starbucks,Credit_Card,4848.89,1,1,1,1
70.04,gas_transport,Walmart,Credit_Card,6.94,9,0,1,0
5958.71,misc_net,Chevron,Wire_Transfer,242.25,11,1,1,1
24.98,grocery_pos,Amazon,Credit_Card,22.27,12,0,1,0
1679.26,shopping_net,Starbucks,Digital_Wallet,14.17,2,0,1,1
8.76,entertainment,Amazon,Credit_Card,6.94,13,0,1,0
561.31,travel,Chevron,Credit_Card,1966.26,19,1,1,1
224.42,travel,Starbucks,Credit_Card,1698.41,23,1,1,1
332.9,travel,Walmart,Credit_Card,4838.13,8,1,0,1
864.93,shopping_net,Walmart,Digital_Wallet,34.8,0,0,1,1
6212.58,misc_net,Walmart,Wire_Transfer,390.27,12,1,0,1
-2.25,misc_net,Chevron,Debit_Card,6.65,13,0,1,0
4021.93,misc_net,Starbucks,Wire_Transfer,234.49,13,1,0,1
25.83,travel,Chevron,Debit_Card,6.98,18,0,1,0
73.16,grocery_pos,Starbucks,Debit_Card,22.4,14,0,1,0
25.91,travel,Walmart,Debit_Card,6.71,17,0,1,0
74.98,grocery_pos,Chevron,Debit_Card,15.51,8,0,1,0
18.5,gas_transport,Amazon,Debit_Card,26.81,11,0,1,0
27.82,shopping_net,Chevron,Credit_Card,21.32,14,0,1,0
45.07,gas_transport,Chevron,Credit_Card,10.59,8,0,1,0
5822.06,misc_net,Steam,Wire_Transfer,211.61,15,1,0,1
1340.57,shopping_net,Starbucks,Digital_Wallet,36.73,1,0,0,1
921.37,shopping_net,Amazon,Digital_Wallet,16.73,2,0,1,1
452.4,travel,Delta Air,Credit_Card,4165.29,16,1,0,1
56.9,grocery_pos,Amazon,Credit_Card,13.77,12,0,1,0
84.07,grocery_pos,Starbucks,Credit_Card,0.67,20,0,1,0
580.05,shopping_net,Walmart,Digital_Wallet,48.31,1,0,0,1
1508.66,shopping_net,Amazon,Digital_Wallet,19.94,0,0,0,1
75.69,travel,Walmart,Credit_Card,29.87,14,0,1,0
1032.42,shopping_net,Walmart,Digital_Wallet,33.31,1,0,0,1
18.54,gas_transport,Starbucks,Debit_Card,28.01,8,0,1,0
5339.14,misc_net,Steam,Wire_Transfer,224.35,10,1,0,1
55.34,gas_transport,Chevron,Debit_Card,8.08,20,0,1,0
56.25,gas_transport,Starbucks,Debit_Card,10.71,8,0,1,0
1353.42,shopping_net,Unknown_Foreign_Store,Digital_Wallet,49.03,0,0,1,1
16.08,grocery_pos,Chevron,Credit_Card,12.92,14,0,1,0
-2.96,grocery_pos,Walmart,Debit_Card,7.24,19,0,1,0
496.01,travel,Amazon,Credit_Card,3021.04,7,1,1,1
43.61,gas_transport,Chevron,Credit_Card,16.35,14,0,1,0
1054.77,shopping_net,Steam,Digital_Wallet,41.85,23,0,1,1
1647.78,shopping_net,Chevron,Digital_Wallet,8.44,1,0,0,1
43.59,grocery_pos,Amazon,Credit_Card,9.35,11,0,1,0
68.51,gas_transport,Chevron,Debit_Card,20.16,11,0,1,0
84.96,grocery_pos,Chevron,Credit_Card,4.89,14,0,1,0
40.75,gas_transport,Walmart,Credit_Card,6.67,18,0,1,0
4807.9,misc_net,Starbucks,Wire_Transfer,330.79,12,1,1,1
71.5,misc_net,Chevron,Digital_Wallet,11.76,21,0,1,0
49.71,grocery_pos,Chevron,Debit_Card,28.26,9,0,1,0
49.93,grocery_pos,Amazon,Credit_Card,11.86,16,0,1,0
1625.72,shopping_net,Starbucks,Digital_Wallet,40.58,0,0,1,1
547.57,travel,Unknown_Foreign_Store,Credit_Card,3037.58,9,1,0,1
56.12,grocery_pos,Amazon,Credit_Card,2.8,10,0,1,0
91.87,travel,Starbucks,Credit_Card,0.56,13,0,1,0
482.07,travel,Walmart,Credit_Card,4149.19,17,1,0,1
33.57,grocery_pos,Walmart,Credit_Card,25.97,9,0,1,0
1098.89,shopping_net,Chevron,Digital_Wallet,26.83,23,0,0,1
4683.88,misc_net,Starbucks,Wire_Transfer,462.0,14,1,1,1
1010.53,shopping_net,Amazon,Digital_Wallet,28.99,23,0,0,1
34.72,grocery_pos,Starbucks,Debit_Card,27.98,19,0,1,0
60.92,grocery_pos,Chevron,Credit_Card,22.16,12,0,1,0
2006.29,misc_net,Starbucks,Wire_Transfer,332.78,14,1,0,1
435.11,travel,Steam,Credit_Card,4432.58,14,1,1,1
490.19,travel,Chevron,Credit_Card,1066.74,0,1,0,1
482.72,travel,Steam,Credit_Card,1436.21,16,1,1,1
5120.91,misc_net,Amazon,Wire_Transfer,373.7,15,1,1,1
378.96,travel,Delta Air,Credit_Card,2902.8,1,1,0,1
1973.08,shopping_net,Walmart,Digital_Wallet,42.83,2,0,0,1
275.77,travel,Steam,Credit_Card,916.86,4,1,1,1
3773.13,misc_net,Chevron,Wire_Transfer,281.8,16,1,0,1
20.69,shopping_net,Starbucks,Credit_Card,3.59,14,0,1,0
103.12,misc_net,Starbucks,Credit_Card,1.47,14,0,1,0
-17.88,gas_transport,Amazon,Credit_Card,26.4,21,0,1,0
45.96,gas_transport,Starbucks,Digital_Wallet,14.5,21,0,1,0
74.46,gas_transport,Amazon,Debit_Card,4.43,21,0,1,0
29.71,grocery_pos,Chevron,Credit_Card,13.79,20,0,1,0
27.14,gas_transport,Starbucks,Credit_Card,22.8,13,0,1,0
65.98,entertainment,Walmart,Digital_Wallet,1.92,16,0,1,0
47.83,grocery_pos,Starbucks,Credit_Card,20.09,17,0,1,0
4876.76,misc_net,Unknown_Foreign_Store,Wire_Transfer,467.46,15,1,0,1
5401.1,misc_net,Delta Air,Wire_Transfer,388.73,15,1,0,1
89.32,gas_transport,Starbucks,Credit_Card,25.9,15,0,1,0
29.89,gas_transport,Walmart,Credit_Card,20.19,13,0,1,0
5645.07,misc_net,Chevron,Wire_Transfer,343.72,16,1,1,1
40.89,grocery_pos,Chevron,Credit_Card,5.17,21,0,1,0
5117.6,misc_net,Unknown_Foreign_Store,Wire_Transfer,206.2,9,1,0,1
11.11,shopping_net,Starbucks,Debit_Card,28.66,16,0,1,0
12.49,gas_transport,Chevron,Credit_Card,21.67,16,0,1,0
5066.49,misc_net,Walmart,Wire_Transfer,400.21,15,1,0,1
4457.66,misc_net,Walmart,Wire_Transfer,340.68,13,1,1,1
391.83,travel,Walmart,Credit_Card,4016.24,6,1,0,1
1222.62,shopping_net,Unknown_Foreign_Store,Digital_Wallet,47.2,2,0,1,1
1081.41,shopping_net,Delta Air,Digital_Wallet,22.65,23,0,0,1
34.71,entertainment,Chevron,Credit_Card,24.18,17,0,1,0
-19.35,travel,Chevron,Digital_Wallet,29.11,15,0,1,0
36.15,grocery_pos,Walmart,Debit_Card,1.1,8,0,1,0
892.8,shopping_net,Unknown_Foreign_Store,Digital_Wallet,19.41,2,0,0,1
11.28,shopping_net,Amazon,Credit_Card,7.56,9,0,1,0
33.05,entertainment,Starbucks,Credit_Card,28.89,13,0,1,0
43.96,entertainment,Walmart,Debit_Card,17.29,12,0,1,0
994.49,shopping_net,Unknown_Foreign_Store,Digital_Wallet,43.92,2,0,0,1
6024.73,misc_net,Unknown_Foreign_Store,Wire_Transfer,389.99,14,1,0,1
11.79,gas_transport,Amazon,Credit_Card,16.88,13,0,1,0
5295.7,misc_net,Amazon,Wire_Transfer,175.16,16,1,0,1
20.8,travel,Chevron,Credit_Card,4491.81,8,1,0,1
0.15,gas_transport,Chevron,Credit_Card,12.21,14,0,1,0
48.54,entertainment,Chevron,Credit_Card,11.32,12,0,1,0
4776.83,misc_net,Walmart,Wire_Transfer,361.83,10,1,1,1
7106.87,misc_net,Chevron,Wire_Transfer,155.66,14,1,1,1
548.62,travel,Walmart,Credit_Card,1487.85,15,1,1,1
523.28,travel,Steam,Credit_Card,1149.26,13,1,1,1
47.55,entertainment,Amazon,Credit_Card,18.83,8,0,1,0
58.33,grocery_pos,Chevron,Debit_Card,9.8,8,0,1,0
749.77,shopping_net,Delta Air,Digital_Wallet,43.06,23,0,1,1
54.99,grocery_pos,Starbucks,Credit_Card,16.33,15,0,1,0
4088.68,misc_net,Delta Air,Wire_Transfer,164.84,12,1,1,1
419.34,travel,Delta Air,Credit_Card,1575.58,9,1,1,1
783.99,shopping_net,Unknown_Foreign_Store,Digital_Wallet,31.03,23,0,1,1
439.06,travel,Chevron,Credit_Card,1852.38,3,1,0,1
1116.8,shopping_net,Unknown_Foreign_Store,Digital_Wallet,34.74,2,0,0,1
438.98,travel,Walmart,Credit_Card,3729.28,8,1,0,1
81.37,entertainment,Walmart,Credit_Card,13.7,8,0,1,0
1055.94,shopping_net,Walmart,Digital_Wallet,14.29,1,0,1,1
44.82,shopping_net,Walmart,Credit_Card,26.13,9,0,1,0
1397.06,shopping_net,Starbucks,Digital_Wallet,11.95,1,0,1,1
51.63,shopping_net,Amazon,Digital_Wallet,25.41,14,0,1,0
377.6,travel,Starbucks,Credit_Card,2105.29,0,1,0,1
36.99,shopping_net,Walmart,Debit_Card,10.45,13,0,1,0
40.72,travel,Starbucks,Credit_Card,24.66,16,0,1,0
3566.44,misc_net,Walmart,Wire_Transfer,427.97,10,1,1,1
1616.09,shopping_net,Unknown_Foreign_Store,Digital_Wallet,16.13,0,0,0,1
75.24,gas_transport,Starbucks,Debit_Card,28.31,19,0,1,0
1300.82,shopping_net,Steam,Digital_Wallet,47.01,2,0,1,1
2966.45,misc_net,Delta Air,Wire_Transfer,134.09,11,1,1,1
4775.78,misc_net,Amazon,Wire_Transfer,471.3,11,1,1,1
2732.49,misc_net,Steam,Wire_Transfer,162.02,9,1,0,1
1244.47,shopping_net,Steam,Digital_Wallet,37.91,2,0,1,1
443.4,travel,Delta Air,Credit_Card,3458.27,16,1,0,1
72.9,grocery_pos,Chevron,Credit_Card,4.79,19,0,1,0
21.42,gas_transport,Starbucks,Digital_Wallet,16.22,17,0,1,0
4708.71,misc_net,Starbucks,Wire_Transfer,293.34,14,1,1,1
5527.8,misc_net,Steam,Wire_Transfer,246.6,10,1,0,1
371.61,travel,Chevron,Credit_Card,2990.04,10,1,0,1
72.09,entertainment,Chevron,Credit_Card,23.44,11,0,1,0
58.91,grocery_pos,Chevron,Credit_Card,21.33,12,0,1,0
241.28,travel,Steam,Credit_Card,1427.74,9,1,1,1
547.52,travel,Amazon,Credit_Card,658.86,15,1,1,1
1431.08,shopping_net,Chevron,Digital_Wallet,43.94,23,0,1,1
292.12,travel,Delta Air,Credit_Card,2578.99,11,1,0,1
863.41,shopping_net,Walmart,Digital_Wallet,45.02,1,0,1,1
45.04,gas_transport,Chevron,Credit_Card,6.02,20,0,1,0
50.09,shopping_net,Starbucks,Credit_Card,21.89,9,0,1,0
982.97,shopping_net,Steam,Digital_Wallet,29.11,1,0,1,1
4015.05,misc_net,Steam,Wire_Transfer,153.03,9,1,1,1
42.1,misc_net,Amazon,Credit_Card,9.54,16,0,1,0
24.4,gas_transport,Amazon,Credit_Card,7.07,10,0,1,0
2795.12,misc_net,Amazon,Wire_Transfer,272.01,12,1,1,1
4924.51,misc_net,Walmart,Wire_Transfer,207.73,16,1,1,1
4942.99,misc_net,Unknown_Foreign_Store,Wire_Transfer,427.04,16,1,1,1
1555.9,shopping_net,Delta Air,Digital_Wallet,42.44,23,0,1,1
13.97,travel,Starbucks,Debit_Card,25.17,13,0,1,0
1187.92,shopping_net,Unknown_Foreign_Store,Digital_Wallet,29.65,0,0,1,1
949.74,shopping_net,Chevron,Digital_Wallet,48.58,1,0,1,1
64.72,grocery_pos,Walmart,Credit_Card,6.46,15,0,1,0
20.09,entertainment,Walmart,Debit_Card,17.44,10,0,1,0
32.23,gas_transport,Chevron,Debit_Card,10.77,16,0,1,0
317.37,travel,Delta Air,Credit_Card,4306.82,12,1,1,1
82.97,entertainment,Walmart,Credit_Card,20.39,21,0,1,0
419.3,travel,Chevron,Credit_Card,2109.74,8,1,0,1
39.17,grocery_pos,Starbucks,Debit_Card,6.3,18,0,1,0
616.87,travel,Steam,Credit_Card,553.45,16,1,1,1
472.58,travel,Walmart,Credit_Card,3762.76,15,1,1,1
33.97,grocery_pos,Amazon,Credit_Card,7.89,12,0,1,0
104.35,entertainment,Chevron,Debit_Card,2.34,18,0,1,0
4581.13,misc_net,Starbucks,Wire_Transfer,119.49,15,1,0,1
33.65,gas_transport,Starbucks,Credit_Card,11.67,12,0,1,0
66.95,grocery_pos,Starbucks,Credit_Card,25.71,18,0,1,0
605.86,travel,Steam,Credit_Card,1356.59,22,1,1,1
5061.73,misc_net,Starbucks,Wire_Transfer,104.78,13,1,1,1
1319.25,shopping_net,Chevron,Digital_Wallet,16.92,2,0,1,1
3764.67,misc_net,Steam,Wire_Transfer,102.58,13,1,1,1
802.63,shopping_net,Walmart,Digital_Wallet,34.3,1,0,0,1
1151.47,shopping_net,Unknown_Foreign_Store,Digital_Wallet,21.48,2,0,1,1
4267.81,misc_net,Delta Air,Wire_Transfer,430.6,14,1,0,1
273.11,travel,Walmart,Credit_Card,4205.64,16,1,1,1
1225.44,shopping_net,Delta Air,Digital_Wallet,42.8,0,0,1,1
48.35,grocery_pos,Walmart,Debit_Card,27.13,20,0,1,0
18.35,travel,Walmart,Credit_Card,1.66,16,0,1,0
25.38,travel,Starbucks,Debit_Card,28.03,13,0,1,0
6.86,grocery_pos,Chevron,Credit_Card,15.95,13,0,1,0
46.22,grocery_pos,Amazon,Debit_Card,5.66,16,0,1,0
4641.45,misc_net,Amazon,Wire_Transfer,264.66,13,1,0,1
38.83,grocery_pos,Starbucks,Credit_Card,9.09,8,0,1,0
15.79,grocery_pos,Amazon,Credit_Card,25.49,15,0,1,0
60.95,entertainment,Chevron,Credit_Card,26.42,17,0,1,0
23.01,shopping_net,Walmart,Credit_Card,4.01,20,0,1,0
49.55,grocery_pos,Walmart,Debit_Card,29.26,15,0,1,0
4755.04,misc_net,Steam,Wire_Transfer,385.06,13,1,1,1
1167.64,shopping_net,Steam,Digital_Wallet,43.49,1,0,1,1
93.83,grocery_pos,Amazon,Credit_Card,14.93,9,0,1,0
4343.23,misc_net,Chevron,Wire_Transfer,367.68,11,1,0,1
50.35,misc_net,Amazon,Credit_Card,29.59,15,0,1,0
53.57,gas_transport,Amazon,Credit_Card,2.87,16,0,1,0
455.29,travel,Walmart,Credit_Card,601.53,13,1,0,1
56.05,gas_transport,Walmart,Credit_Card,5.05,10,0,1,0
6748.18,misc_net,Chevron,Wire_Transfer,359.53,12,1,0,1
3883.86,misc_net,Walmart,Wire_Transfer,285.71,16,1,1,1
6069.51,misc_net,Delta Air,Wire_Transfer,337.12,16,1,1,1
71.88,entertainment,Chevron,Credit_Card,17.59,12,0,1,0
53.06,gas_transport,Chevron,Credit_Card,19.93,19,0,1,0
1113.71,shopping_net,Chevron,Digital_Wallet,21.81,2,0,1,1
49.97,grocery_pos,Walmart,Credit_Card,25.8,17,0,1,0
250.95,travel,Delta Air,Credit_Card,3852.34,13,1,1,1
77.66,misc_net,Chevron,Debit_Card,20.25,20,0,1,0
35.11,gas_transport,Amazon,Debit_Card,21.99,12,0,1,0
50.78,grocery_pos,Walmart,Debit_Card,27.38,15,0,1,0
73.95,grocery_pos,Chevron,Credit_Card,28.94,11,0,1,0
5313.88,misc_net,Delta Air,Wire_Transfer,306.52,9,1,0,1
422.81,travel,Steam,Credit_Card,4023.07,0,1,0,1
853.12,shopping_net,Steam,Digital_Wallet,49.36,1,0,1,1
1364.54,shopping_net,Unknown_Foreign_Store,Digital_Wallet,8.48,23,0,0,1
4567.02,misc_net,Amazon,Wire_Transfer,238.8,13,1,0,1
288.92,travel,Chevron,Credit_Card,2296.99,1,1,0,1
15.2,grocery_pos,Starbucks,Digital_Wallet,21.38,19,0,1,0
8.8,grocery_pos,Chevron,Credit_Card,18.37,16,0,1,0
638.93,travel,Starbucks,Credit_Card,2114.59,23,1,1,1
59.93,grocery_pos,Walmart,Debit_Card,10.83,12,0,1,0
17.33,travel,Starbucks,Credit_Card,17.87,14,0,1,0
1464.4,shopping_net,Delta Air,Digital_Wallet,26.11,0,0,1,1
44.29,grocery_pos,Amazon,Digital_Wallet,4.35,15,0,1,0
1652.42,shopping_net,Unknown_Foreign_Store,Digital_Wallet,14.12,2,0,1,1
1263.93,shopping_net,Starbucks,Digital_Wallet,34.49,2,0,0,1
328.37,travel,Delta Air,Credit_Card,935.24,7,1,0,1
22.95,entertainment,Starbucks,Debit_Card,3.98,9,0,1,0
48.66,gas_transport,Chevron,Credit_Card,0.77,20,0,1,0
35.99,travel,Starbucks,Debit_Card,12.31,15,0,1,0
451.24,travel,Unknown_Foreign_Store,Credit_Card,1016.59,13,1,1,1
62.67,gas_transport,Amazon,Credit_Card,25.26,16,0,1,0
373.58,travel,Amazon,Credit_Card,3121.71,20,1,0,1
58.73,gas_transport,Starbucks,Debit_Card,3.75,18,0,1,0
70.06,travel,Amazon,Credit_Card,4.27,17,0,1,0
346.05,travel,Walmart,Credit_Card,4158.83,19,1,1,1
355.03,travel,Walmart,Credit_Card,618.59,2,1,1,1
351.06,travel,Starbucks,Credit_Card,1335.11,13,1,0,1
2.4,shopping_net,Amazon,Debit_Card,15.24,19,0,1,0
28.98,gas_transport,Starbucks,Credit_Card,16.76,12,0,1,0
43.7,gas_transport,Starbucks,Debit_Card,13.67,8,0,1,0
25.76,gas_transport,Amazon,Credit_Card,29.9,8,0,1,0
49.34,gas_transport,Starbucks,Credit_Card,8.98,17,0,1,0
26.0,shopping_net,Chevron,Credit_Card,9.31,18,0,1,0
4345.44,misc_net,Starbucks,Wire_Transfer,409.53,15,1,0,1
5865.28,misc_net,Delta Air,Wire_Transfer,498.35,10,1,0,1
913.38,shopping_net,Chevron,Digital_Wallet,30.83,2,0,0,1
1301.71,shopping_net,Walmart,Digital_Wallet,42.3,1,0,1,1
57.23,entertainment,Walmart,Credit_Card,17.45,17,0,1,0
65.29,shopping_net,Starbucks,Credit_Card,14.89,12,0,1,0
50.55,entertainment,Chevron,Credit_Card,1.87,10,0,1,0
41.37,gas_transport,Starbucks,Digital_Wallet,6.24,14,0,1,0
4423.41,misc_net,Walmart,Wire_Transfer,217.59,11,1,1,1
42.57,shopping_net,Amazon,Debit_Card,0.81,14,0,1,0
78.66,gas_transport,Walmart,Credit_Card,6.27,15,0,1,0
313.91,travel,Unknown_Foreign_Store,Credit_Card,3133.83,6,1,1,1
44.96,grocery_pos,Amazon,Credit_Card,0.55,18,0,1,0
433.62,travel,Chevron,Credit_Card,1783.94,7,1,1,1
161.46,travel,Unknown_Foreign_Store,Credit_Card,962.99,12,1,1,1
20.48,shopping_net,Chevron,Debit_Card,6.32,12,0,1,0
91.42,shopping_net,Walmart,Digital_Wallet,4.11,8,0,1,0
61.92,entertainment,Walmart,Digital_Wallet,9.33,16,0,1,0
51.52,gas_transport,Starbucks,Debit_Card,20.79,20,0,1,0
546.98,travel,Steam,Credit_Card,754.47,7,1,0,1
72.81,misc_net,Starbucks,Credit_Card,18.84,8,0,1,0
328.96,travel,Unknown_Foreign_Store,Credit_Card,1566.78,0,1,1,1
-4.21,shopping_net,Starbucks,Credit_Card,12.7,14,0,1,0
-7.05,grocery_pos,Walmart,Debit_Card,9.67,15,0,1,0
4997.34,misc_net,Chevron,Wire_Transfer,380.75,14,1,1,1
505.76,travel,Chevron,Credit_Card,969.09,20,1,1,1
5300.38,misc_net,Unknown_Foreign_Store,Wire_Transfer,162.68,9,1,0,1
1269.51,shopping_net,Unknown_Foreign_Store,Digital_Wallet,39.32,1,0,1,1
44.0,travel,Chevron,Credit_Card,22.64,10,0,1,0
439.75,travel,Amazon,Credit_Card,4567.8,14,1,1,1
40.01,entertainment,Amazon,Credit_Card,12.45,8,0,1,0
4974.28,misc_net,Amazon,Wire_Transfer,283.72,12,1,1,1
7.22,gas_transport,Chevron,Debit_Card,6.45,19,0,1,0
57.52,gas_transport,Starbucks,Debit_Card,7.18,17,0,1,0
5308.56,misc_net,Amazon,Wire_Transfer,101.86,15,1,1,1
1391.87,shopping_net,Steam,Digital_Wallet,10.91,2,0,1,1
54.18,shopping_net,Amazon,Credit_Card,0.9,16,0,1,0
5754.29,misc_net,Steam,Wire_Transfer,385.23,16,1,1,1
819.73,shopping_net,Steam,Digital_Wallet,6.0,1,0,1,1
67.54,misc_net,Starbucks,Digital_Wallet,4.67,14,0,1,0
38.13,entertainment,Chevron,Credit_Card,23.51,20,0,1,0
1381.54,shopping_net,Delta Air,Digital_Wallet,31.33,0,0,1,1
792.46,shopping_net,Amazon,Digital_Wallet,17.41,0,0,1,1
38.99,gas_transport,Amazon,Credit_Card,19.2,16,0,1,0
61.62,grocery_pos,Starbucks,Debit_Card,3.58,20,0,1,0
38.03,grocery_pos,Walmart,Credit_Card,19.85,19,0,1,0
1100.2,shopping_net,Amazon,Digital_Wallet,41.47,0,0,0,1
81.99,entertainment,Amazon,Credit_Card,19.55,9,0,1,0
90.38,misc_net,Amazon,Debit_Card,23.58,20,0,1,0
44.51,gas_transport,Starbucks,Credit_Card,9.91,21,0,1,0
4573.48,misc_net,Delta Air,Wire_Transfer,183.31,14,1,1,1
502.92,shopping_net,Delta Air,Digital_Wallet,20.41,2,0,1,1
70.25,gas_transport,Walmart,Credit_Card,23.6,15,0,1,0
44.94,grocery_pos,Starbucks,Credit_Card,20.9,9,0,1,0
1433.93,shopping_net,Unknown_Foreign_Store,Digital_Wallet,33.34,23,0,1,1
24.49,gas_transport,Chevron,Debit_Card,25.92,16,0,1,0
50.63,entertainment,Chevron,Debit_Card,26.78,21,0,1,0
6270.51,misc_net,Unknown_Foreign_Store,Wire_Transfer,192.32,14,1,1,1
5728.11,misc_net,Unknown_Foreign_Store,Wire_Transfer,381.71,9,1,0,1
18.64,grocery_pos,Walmart,Debit_Card,4.53,16,0,1,0
297.81,travel,Chevron,Credit_Card,3082.89,14,1,1,1
78.92,travel,Walmart,Debit_Card,23.38,15,0,1,0
49.74,grocery_pos,Walmart,Credit_Card,28.4,14,0,1,0
1065.89,shopping_net,Chevron,Digital_Wallet,5.94,2,0,1,1
1468.42,shopping_net,Starbucks,Digital_Wallet,6.33,2,0,1,1
45.87,gas_transport,Chevron,Credit_Card,20.07,12,0,1,0
4364.69,misc_net,Chevron,Wire_Transfer,296.38,14,1,1,1
4659.5,misc_net,Steam,Wire_Transfer,180.51,9,1,1,1
41.03,gas_transport,Amazon,Credit_Card,1.21,8,0,1,0
3121.91,misc_net,Steam,Wire_Transfer,213.99,10,1,1,1
42.93,gas_transport,Starbucks,Digital_Wallet,12.94,17,0,1,0
28.42,grocery_pos,Amazon,Credit_Card,22.08,18,0,1,0
5426.98,misc_net,Walmart,Wire_Transfer,445.99,14,1,0,1
6432.46,misc_net,Steam,Wire_Transfer,306.32,16,1,1,1
36.12,misc_net,Walmart,Debit_Card,13.15,18,0,1,0
58.22,travel,Chevron,Credit_Card,2.88,14,0,1,0
26.5,entertainment,Chevron,Debit_Card,20.66,17,0,1,0
13.13,misc_net,Walmart,Credit_Card,24.44,10,0,1,0
1047.89,shopping_net,Starbucks,Digital_Wallet,34.11,2,0,1,1
1418.39,shopping_net,Delta Air,Digital_Wallet,37.86,2,0,1,1
70.78,grocery_pos,Amazon,Debit_Card,5.48,21,0,1,0
35.49,grocery_pos,Walmart,Credit_Card,22.87,19,0,1,0
4861.82,misc_net,Walmart,Wire_Transfer,240.43,14,1,0,1
20.51,gas_transport,Amazon,Credit_Card,20.82,11,0,1,0
29.63,shopping_net,Starbucks,Credit_Card,19.27,11,0,1,0
26.6,gas_transport,Starbucks,Credit_Card,12.04,16,0,1,0
56.81,grocery_pos,Starbucks,Credit_Card,12.29,15,0,1,0
887.97,shopping_net,Unknown_Foreign_Store,Digital_Wallet,45.51,2,0,1,1
12.72,shopping_net,Chevron,Credit_Card,14.15,13,0,1,0
1341.12,shopping_net,Walmart,Digital_Wallet,33.88,23,0,0,1
4068.01,misc_net,Amazon,Wire_Transfer,454.59,14,1,1,1
48.93,travel,Walmart,Debit_Card,12.16,9,0,1,0
52.98,entertainment,Walmart,Credit_Card,27.2,9,0,1,0
36.38,gas_transport,Amazon,Debit_Card,25.58,20,0,1,0
62.47,entertainment,Chevron,Debit_Card,6.63,17,0,1,0
57.16,gas_transport,Chevron,Credit_Card,5.3,21,0,1,0
1360.09,shopping_net,Starbucks,Digital_Wallet,44.77,23,0,1,1
1041.07,shopping_net,Amazon,Digital_Wallet,27.65,1,0,1,1
1239.86,shopping_net,Delta Air,Digital_Wallet,36.49,23,0,0,1
46.15,gas_transport,Starbucks,Digital_Wallet,3.82,9,0,1,0
55.05,shopping_net,Amazon,Credit_Card,17.17,13,0,1,0
1416.37,shopping_net,Unknown_Foreign_Store,Digital_Wallet,42.04,0,0,1,1
858.43,shopping_net,Delta Air,Digital_Wallet,41.24,0,0,1,1
3996.88,misc_net,Amazon,Wire_Transfer,166.7,12,1,0,1
1180.04,shopping_net,Amazon,Digital_Wallet,47.23,2,0,1,1
46.35,gas_transport,Amazon,Credit_Card,13.12,14,0,1,0
212.94,travel,Steam,Credit_Card,1026.32,2,1,1,1
1717.72,shopping_net,Amazon,Digital_Wallet,17.57,1,0,1,1
57.97,grocery_pos,Chevron,Debit_Card,24.27,21,0,1,0
7115.77,misc_net,Starbucks,Wire_Transfer,347.16,12,1,0,1
528.79,travel,Unknown_Foreign_Store,Credit_Card,4000.94,21,1,0,1
542.79,travel,Unknown_Foreign_Store,Credit_Card,4450.78,5,1,1,1
594.06,travel,Unknown_Foreign_Store,Credit_Card,4451.97,11,1,1,1
1148.14,shopping_net,Starbucks,Digital_Wallet,44.94,0,0,0,1
451.31,travel,Unknown_Foreign_Store,Credit_Card,3989.84,19,1,0,1
5921.82,misc_net,Walmart,Wire_Transfer,479.33,14,1,1,1
3187.27,misc_net,Starbucks,Wire_Transfer,309.95,14,1,1,1
1307.87,shopping_net,Unknown_Foreign_Store,Digital_Wallet,33.73,2,0,0,1
557.49,travel,Starbucks,Credit_Card,4694.59,4,1,1,1
655.8,travel,Steam,Credit_Card,3570.83,3,1,0,1
4484.57,misc_net,Unknown_Foreign_Store,Wire_Transfer,475.83,12,1,1,1
232.04,travel,Starbucks,Credit_Card,2561.07,13,1,1,1
37.27,gas_transport,Walmart,Digital_Wallet,11.52,13,0,1,0
3149.51,misc_net,Chevron,Wire_Transfer,373.54,13,1,0,1
53.49,shopping_net,Chevron,Credit_Card,6.41,9,0,1,0
85.05,grocery_pos,Amazon,Credit_Card,3.09,17,0,1,0
136.4,travel,Walmart,Credit_Card,3193.08,7,1,0,1
10.24,travel,Starbucks,Credit_Card,23.35,11,0,1,0
70.56,entertainment,Amazon,Credit_Card,17.1,10,0,1,0
90.84,travel,Chevron,Credit_Card,20.53,8,0,1,0
3595.97,misc_net,Amazon,Wire_Transfer,367.16,13,1,1,1
35.91,travel,Chevron,Credit_Card,25.43,13,0,1,0
65.45,entertainment,Walmart,Debit_Card,5.41,16,0,1,0
4972.08,misc_net,Steam,Wire_Transfer,230.79,14,1,1,1
40.71,gas_transport,Walmart,Credit_Card,9.95,10,0,1,0
5336.81,misc_net,Steam,Wire_Transfer,252.18,11,1,1,1
478.04,travel,Steam,Credit_Card,3231.65,9,1,1,1
-4.11,gas_transport,Starbucks,Credit_Card,10.15,18,0,1,0
5776.29,misc_net,Walmart,Wire_Transfer,222.66,11,1,1,1
45.98,gas_transport,Starbucks,Digital_Wallet,25.62,17,0,1,0
40.78,gas_transport,Walmart,Credit_Card,0.92,18,0,1,0
75.33,gas_transport,Chevron,Credit_Card,7.34,8,0,1,0
35.65,travel,Chevron,Credit_Card,15.65,16,0,1,0
54.28,grocery_pos,Amazon,Credit_Card,9.44,10,0,1,0
517.9,travel,Steam,Credit_Card,694.49,2,1,0,1
27.09,misc_net,Starbucks,Credit_Card,17.39,15,0,1,0
1207.94,shopping_net,Steam,Digital_Wallet,21.98,2,0,1,1
620.94,travel,Starbucks,Credit_Card,3736.71,19,1,0,1
89.97,gas_transport,Starbucks,Debit_Card,15.48,15,0,1,0
52.6,misc_net,Chevron,Credit_Card,8.0,13,0,1,0
6083.55,misc_net,Walmart,Wire_Transfer,488.59,10,1,0,1
28.51,shopping_net,Walmart,Digital_Wallet,2.71,12,0,1,0
458.98,travel,Unknown_Foreign_Store,Credit_Card,2293.03,20,1,0,1
30.02,gas_transport,Chevron,Debit_Card,14.32,19,0,1,0
55.51,misc_net,Starbucks,Credit_Card,9.06,15,0,1,0
1335.46,shopping_net,Delta Air,Digital_Wallet,15.64,2,0,0,1
1841.32,shopping_net,Delta Air,Digital_Wallet,48.14,23,0,1,1
343.61,travel,Walmart,Credit_Card,623.68,10,1,1,1
5461.23,misc_net,Delta Air,Wire_Transfer,100.46,9,1,1,1
4939.79,misc_net,Amazon,Wire_Transfer,200.94,12,1,1,1
4630.98,misc_net,Delta Air,Wire_Transfer,395.04,10,1,0,1
6703.97,misc_net,Steam,Wire_Transfer,137.93,14,1,0,1
3002.95,misc_net,Chevron,Wire_Transfer,432.08,12,1,0,1
6362.53,misc_net,Unknown_Foreign_Store,Wire_Transfer,397.14,13,1,1,1
3982.05,misc_net,Steam,Wire_Transfer,146.1,9,1,0,1
414.96,travel,Chevron,Credit_Card,2844.51,19,1,0,1
22.98,gas_transport,Starbucks,Debit_Card,4.97,8,0,1,0
5590.67,misc_net,Chevron,Wire_Transfer,447.99,16,1,0,1
7841.82,misc_net,Steam,Wire_Transfer,322.08,14,1,0,1
352.49,travel,Starbucks,Credit_Card,1901.73,5,1,1,1
1192.37,shopping_net,Steam,Digital_Wallet,49.78,1,0,0,1
65.82,grocery_pos,Amazon,Debit_Card,7.37,14,0,1,0
6961.63,misc_net,Starbucks,Wire_Transfer,381.54,15,1,0,1
415.97,travel,Steam,Credit_Card,4295.7,17,1,1,1
60.35,grocery_pos,Chevron,Debit_Card,7.84,16,0,1,0
-6.95,travel,Walmart,Credit_Card,18.89,13,0,1,0
52.33,grocery_pos,Chevron,Credit_Card,9.69,21,0,1,0
79.99,grocery_pos,Amazon,Digital_Wallet,24.31,11,0,1,0
4128.75,misc_net,Starbucks,Wire_Transfer,402.07,10,1,0,1
17.23,gas_transport,Starbucks,Credit_Card,8.09,12,0,1,0
69.01,gas_transport,Chevron,Debit_Card,28.19,14,0,1,0
50.36,misc_net,Amazon,Credit_Card,14.4,17,0,1,0
3985.08,misc_net,Chevron,Wire_Transfer,425.22,12,1,0,1
1292.95,shopping_net,Amazon,Digital_Wallet,32.66,0,0,1,1
5845.68,misc_net,Amazon,Wire_Transfer,174.45,16,1,0,1
-6.62,grocery_pos,Starbucks,Debit_Card,24.79,14,0,1,0
49.68,entertainment,Chevron,Debit_Card,24.56,16,0,1,0
936.21,shopping_net,Walmart,Digital_Wallet,35.39,2,0,0,1
20.21,grocery_pos,Walmart,Debit_Card,17.52,20,0,1,0
55.16,travel,Chevron,Credit_Card,3869.48,17,1,1,1
732.86,shopping_net,Chevron,Digital_Wallet,40.55,2,0,1,1
5843.99,misc_net,Amazon,Wire_Transfer,432.69,10,1,1,1
918.92,shopping_net,Amazon,Digital_Wallet,19.9,23,0,1,1
1006.56,shopping_net,Steam,Digital_Wallet,20.49,1,0,1,1
78.45,grocery_pos,Chevron,Credit_Card,6.39,14,0,1,0
92.69,travel,Chevron,Credit_Card,27.4,8,0,1,0
36.23,entertainment,Amazon,Debit_Card,21.14,19,0,1,0
62.24,grocery_pos,Chevron,Credit_Card,2.84,18,0,1,0
574.01,travel,Delta Air,Credit_Card,3017.31,8,1,1,1
69.51,grocery_pos,Amazon,Debit_Card,24.92,13,0,1,0
85.71,grocery_pos,Chevron,Credit_Card,10.64,14,0,1,0
3.29,shopping_net,Starbucks,Credit_Card,1.08,10,0,1,0
46.4,gas_transport,Chevron,Debit_Card,28.01,14,0,1,0
60.73,gas_transport,Chevron,Digital_Wallet,28.97,18,0,1,0
508.16,travel,Unknown_Foreign_Store,Credit_Card,4105.49,3,1,0,1
266.02,travel,Amazon,Credit_Card,3322.76,5,1,1,1
458.81,travel,Chevron,Credit_Card,1748.0,20,1,0,1
1194.51,shopping_net,Delta Air,Digital_Wallet,46.32,2,0,1,1
781.81,shopping_net,Amazon,Digital_Wallet,47.62,0,0,0,1
30.25,grocery_pos,Amazon,Credit_Card,4.73,21,0,1,0
425.58,travel,Chevron,Credit_Card,2322.18,1,1,0,1
5946.32,misc_net,Unknown_Foreign_Store,Wire_Transfer,380.84,12,1,0,1
95.51,gas_transport,Chevron,Credit_Card,1.15,13,0,1,0
44.31,gas_transport,Chevron,Credit_Card,3.59,9,0,1,0
518.02,travel,Steam,Credit_Card,3210.96,19,1,1,1
10.64,gas_transport,Starbucks,Debit_Card,27.01,14,0,1,0
5358.39,misc_net,Walmart,Wire_Transfer,133.26,13,1,1,1
965.59,shopping_net,Chevron,Digital_Wallet,31.64,2,0,1,1
51.76,gas_transport,Chevron,Debit_Card,26.1,12,0,1,0
74.3,misc_net,Walmart,Credit_Card,4.85,21,0,1,0
355.93,travel,Steam,Credit_Card,637.81,18,1,0,1
49.45,shopping_net,Chevron,Credit_Card,21.72,19,0,1,0
25.02,gas_transport,Chevron,Debit_Card,6.8,10,0,1,0
35.74,entertainment,Walmart,Debit_Card,3.35,12,0,1,0
18.06,shopping_net,Starbucks,Credit_Card,7.32,20,0,1,0
24.38,grocery_pos,Chevron,Credit_Card,3.07,12,0,1,0
5637.93,misc_net,Chevron,Wire_Transfer,213.3,16,1,1,1
62.95,misc_net,Walmart,Digital_Wallet,17.71,15,0,1,0
1353.91,shopping_net,Amazon,Digital_Wallet,15.53,23,0,1,1
5291.85,misc_net,Chevron,Wire_Transfer,111.64,11,1,1,1
5836.53,misc_net,Chevron,Wire_Transfer,171.49,10,1,0,1
9.91,shopping_net,Walmart,Debit_Card,24.89,8,0,1,0
452.75,travel,Delta Air,Credit_Card,2493.49,21,1,1,1
294.15,travel,Unknown_Foreign_Store,Credit_Card,863.25,12,1,1,1
1321.61,shopping_net,Amazon,Digital_Wallet,30.36,0,0,1,1
185.4,travel,Amazon,Credit_Card,1224.99,15,1,0,1
562.31,travel,Walmart,Credit_Card,4472.32,8,1,1,1
31.3,entertainment,Walmart,Credit_Card,26.92,17,0,1,0
367.24,travel,Unknown_Foreign_Store,Credit_Card,1360.9,21,1,0,1
4441.76,misc_net,Chevron,Wire_Transfer,179.64,15,1,1,1
47.86,shopping_net,Starbucks,Credit_Card,22.38,9,0,1,0
1277.01,shopping_net,Steam,Digital_Wallet,36.71,0,0,1,1
48.72,shopping_net,Starbucks,Debit_Card,0.79,11,0,1,0
48.39,gas_transport,Starbucks,Digital_Wallet,10.07,21,0,1,0
376.01,travel,Starbucks,Credit_Card,4804.47,16,1,0,1
40.89,grocery_pos,Starbucks,Debit_Card,28.6,21,0,1,0
45.99,shopping_net,Amazon,Credit_Card,4.1,16,0,1,0
41.78,travel,Starbucks,Credit_Card,22.98,8,0,1,0
471.13,travel,Delta Air,Credit_Card,4140.09,16,1,0,1
281.54,travel,Chevron,Credit_Card,4804.15,2,1,0,1
4567.01,misc_net,Steam,Wire_Transfer,148.57,16,1,1,1
2.42,shopping_net,Walmart,Debit_Card,10.75,21,0,1,0
50.34,grocery_pos,Chevron,Credit_Card,24.45,19,0,1,0
253.67,travel,Amazon,Credit_Card,966.19,19,1,0,1
409.3,travel,Delta Air,Credit_Card,3912.84,16,1,0,1
377.91,travel,Walmart,Credit_Card,3159.94,4,1,1,1
954.37,shopping_net,Steam,Digital_Wallet,40.31,23,0,0,1
41.51,gas_transport,Walmart,Digital_Wallet,5.34,8,0,1,0
38.62,misc_net,Walmart,Credit_Card,29.22,19,0,1,0
54.95,grocery_pos,Chevron,Credit_Card,5.35,8,0,1,0
445.93,travel,Delta Air,Credit_Card,3231.5,15,1,0,1
4109.3,misc_net,Steam,Wire_Transfer,333.15,16,1,1,1
1228.73,shopping_net,Amazon,Digital_Wallet,40.89,23,0,0,1
579.49,travel,Amazon,Credit_Card,4298.25,13,1,1,1
1204.21,shopping_net,Delta Air,Digital_Wallet,7.29,0,0,1,1
53.12,grocery_pos,Walmart,Digital_Wallet,2.4,10,0,1,0
74.98,gas_transport,Amazon,Credit_Card,12.76,10,0,1,0
53.91,gas_transport,Starbucks,Credit_Card,11.6,18,0,1,0
948.24,shopping_net,Starbucks,Digital_Wallet,18.73,1,0,0,1
39.91,shopping_net,Walmart,Credit_Card,17.99,21,0,1,0
1038.75,shopping_net,Chevron,Digital_Wallet,37.27,1,0,1,1
5236.9,misc_net,Starbucks,Wire_Transfer,385.73,16,1,0,1
37.14,gas_transport,Walmart,Credit_Card,8.25,10,0,1,0
89.15,gas_transport,Starbucks,Credit_Card,9.1,8,0,1,0
32.7,travel,Starbucks,Debit_Card,19.18,12,0,1,0
46.18,gas_transport,Starbucks,Credit_Card,5.23,16,0,1,0
66.3,gas_transport,Walmart,Debit_Card,22.42,10,0,1,0
5119.86,misc_net,Amazon,Wire_Transfer,371.42,16,1,1,1
31.25,gas_transport,Walmart,Digital_Wallet,29.75,8,0,1,0
18.78,grocery_pos,Starbucks,Digital_Wallet,10.65,13,0,1,0
26.0,grocery_pos,Amazon,Debit_Card,4.63,10,0,1,0
2164.78,shopping_net,Steam,Digital_Wallet,7.29,23,0,1,1
6390.46,misc_net,Delta Air,Wire_Transfer,444.58,16,1,0,1
4705.24,misc_net,Chevron,Wire_Transfer,382.78,11,1,0,1
4752.92,misc_net,Unknown_Foreign_Store,Wire_Transfer,174.53,12,1,1,1
57.25,travel,Chevron,Digital_Wallet,3.15,21,0,1,0
68.26,entertainment,Chevron,Debit_Card,9.83,18,0,1,0
585.6,travel,Steam,Credit_Card,1769.3,16,1,0,1
62.37,grocery_pos,Amazon,Credit_Card,26.55,21,0,1,0
4.08,gas_transport,Amazon,Debit_Card,24.27,19,0,1,0
82.77,grocery_pos,Chevron,Debit_Card,3.95,13,0,1,0
56.6,gas_transport,Chevron,Credit_Card,5.21,20,0,1,0
30.09,grocery_pos,Starbucks,Credit_Card,8.19,16,0,1,0
1383.59,shopping_net,Delta Air,Digital_Wallet,40.55,1,0,0,1
50.83,grocery_pos,Chevron,Debit_Card,3.82,14,0,1,0
5988.05,misc_net,Steam,Wire_Transfer,117.14,12,1,1,1
45.94,travel,Starbucks,Credit_Card,10.58,11,0,1,0
4291.76,misc_net,Walmart,Wire_Transfer,499.46,11,1,1,1
21.42,travel,Chevron,Credit_Card,21.04,10,0,1,0
885.48,shopping_net,Steam,Digital_Wallet,31.59,1,0,0,1
631.02,travel,Amazon,Credit_Card,1389.95,16,1,1,1
1304.88,shopping_net,Chevron,Digital_Wallet,48.29,2,0,1,1
4784.51,misc_net,Starbucks,Wire_Transfer,456.95,9,1,0,1
639.72,travel,Delta Air,Credit_Card,4053.7,9,1,1,1
65.55,shopping_net,Amazon,Credit_Card,26.24,14,0,1,0
650.61,travel,Delta Air,Credit_Card,3570.11,10,1,0,1
69.72,grocery_pos,Amazon,Credit_Card,28.46,17,0,1,0
48.5,gas_transport,Walmart,Credit_Card,23.0,8,0,1,0
4.41,gas_transport,Amazon,Credit_Card,19.21,11,0,1,0
57.18,gas_transport,Starbucks,Credit_Card,8.03,8,0,1,0
29.08,gas_transport,Amazon,Credit_Card,22.22,13,0,1,0
61.63,misc_net,Chevron,Credit_Card,28.49,18,0,1,0
101.43,gas_transport,Chevron,Credit_Card,7.26,19,0,1,0
20.84,grocery_pos,Chevron,Credit_Card,19.57,13,0,1,0
1223.08,shopping_net,Unknown_Foreign_Store,Digital_Wallet,22.93,1,0,1,1
1380.62,shopping_net,Starbucks,Digital_Wallet,13.97,0,0,0,1
1092.54,shopping_net,Starbucks,Digital_Wallet,36.69,2,0,0,1
76.43,travel,Starbucks,Credit_Card,22.31,9,0,1,0
45.74,misc_net,Starbucks,Credit_Card,15.62,21,0,1,0
0.89,grocery_pos,Chevron,Debit_Card,7.93,18,0,1,0
1328.39,shopping_net,Amazon,Digital_Wallet,10.26,2,0,1,1
549.86,travel,Starbucks,Credit_Card,4432.19,1,1,1,1
37.12,entertainment,Walmart,Credit_Card,20.32,10,0,1,0
6205.03,misc_net,Steam,Wire_Transfer,206.14,16,1,1,1
-13.44,entertainment,Amazon,Credit_Card,18.87,12,0,1,0
1366.68,shopping_net,Steam,Digital_Wallet,39.99,0,0,1,1
77.08,gas_transport,Amazon,Credit_Card,4.4,17,0,1,0
976.54,shopping_net,Walmart,Digital_Wallet,47.78,1,0,1,1
6142.65,misc_net,Steam,Wire_Transfer,478.12,10,1,1,1
155.16,travel,Delta Air,Credit_Card,3014.6,18,1,1,1
49.14,gas_transport,Amazon,Credit_Card,5.18,14,0,1,0
90.22,misc_net,Chevron,Digital_Wallet,6.28,20,0,1,0
241.22,travel,Chevron,Credit_Card,623.17,22,1,1,1
29.97,shopping_net,Amazon,Credit_Card,26.31,10,0,1,0
912.57,shopping_net,Delta Air,Digital_Wallet,45.34,0,0,0,1
46.31,travel,Walmart,Debit_Card,7.13,16,0,1,0
203.62,travel,Starbucks,Credit_Card,2753.0,17,1,1,1
512.87,travel,Starbucks,Credit_Card,3283.69,7,1,1,1
41.73,misc_net,Chevron,Debit_Card,27.0,9,0,1,0
1335.12,shopping_net,Chevron,Digital_Wallet,32.68,0,0,0,1
871.76,shopping_net,Steam,Digital_Wallet,28.72,23,0,0,1
33.35,travel,Chevron,Credit_Card,24.95,11,0,1,0
335.05,travel,Starbucks,Credit_Card,1494.13,9,1,1,1
24.77,gas_transport,Walmart,Credit_Card,10.83,10,0,1,0
182.39,travel,Steam,Credit_Card,4181.43,15,1,0,1
5708.27,misc_net,Starbucks,Wire_Transfer,425.45,13,1,1,1
35.88,entertainment,Amazon,Credit_Card,29.53,10,0,1,0
82.58,gas_transport,Chevron,Digital_Wallet,2.64,8,0,1,0
280.6,travel,Starbucks,Credit_Card,4918.55,6,1,1,1
447.16,travel,Starbucks,Credit_Card,1358.14,13,1,0,1
12.99,grocery_pos,Starbucks,Debit_Card,12.24,19,0,1,0
1260.32,shopping_net,Delta Air,Digital_Wallet,30.94,23,0,1,1
57.54,gas_transport,Chevron,Credit_Card,8.65,17,0,1,0
10.25,entertainment,Walmart,Credit_Card,16.5,11,0,1,0
31.68,gas_transport,Starbucks,Credit_Card,7.08,8,0,1,0
55.6,entertainment,Chevron,Credit_Card,5.56,9,0,1,0
2.35,misc_net,Starbucks,Credit_Card,13.76,8,0,1,0
205.36,travel,Starbucks,Credit_Card,4128.83,0,1,0,1
17.09,gas_transport,Amazon,Debit_Card,20.26,20,0,1,0
3880.61,misc_net,Steam,Wire_Transfer,374.66,10,1,1,1
541.71,travel,Chevron,Credit_Card,2417.16,10,1,1,1
400.08,travel,Unknown_Foreign_Store,Credit_Card,2836.39,0,1,1,1
411.98,travel,Delta Air,Credit_Card,4531.59,1,1,0,1
3205.56,misc_net,Chevron,Wire_Transfer,395.18,16,1,1,1
45.15,grocery_pos,Amazon,Credit_Card,15.45,21,0,1,0
320.03,travel,Amazon,Credit_Card,1011.43,5,1,1,1
1048.49,shopping_net,Chevron,Digital_Wallet,7.65,23,0,1,1
574.77,travel,Steam,Credit_Card,1185.63,2,1,1,1
6246.81,misc_net,Amazon,Wire_Transfer,226.1,11,1,1,1
73.12,grocery_pos,Chevron,Credit_Card,5.36,20,0,1,0
1205.43,shopping_net,Delta Air,Digital_Wallet,37.0,0,0,0,1
25.85,gas_transport,Chevron,Debit_Card,26.28,17,0,1,0
1473.38,shopping_net,Delta Air,Digital_Wallet,17.99,23,0,1,1
10.73,gas_transport,Chevron,Debit_Card,3.28,15,0,1,0
76.01,gas_transport,Walmart,Credit_Card,19.06,14,0,1,0
406.47,travel,Chevron,Credit_Card,783.84,5,1,1,1
4095.7,misc_net,Unknown_Foreign_Store,Wire_Transfer,236.99,16,1,0,1
5451.99,misc_net,Chevron,Wire_Transfer,171.07,11,1,1,1
226.79,travel,Starbucks,Credit_Card,4369.01,2,1,1,1
39.79,gas_transport,Amazon,Credit_Card,23.38,20,0,1,0
4648.47,misc_net,Starbucks,Wire_Transfer,222.95,16,1,1,1
62.58,gas_transport,Starbucks,Credit_Card,12.72,12,0,1,0
69.75,misc_net,Walmart,Credit_Card,2.99,13,0,1,0
5282.08,misc_net,Chevron,Wire_Transfer,490.63,12,1,0,1
4726.95,misc_net,Amazon,Wire_Transfer,442.54,15,1,0,1
741.27,shopping_net,Chevron,Digital_Wallet,24.82,2,0,0,1
972.77,shopping_net,Unknown_Foreign_Store,Digital_Wallet,38.97,2,0,0,1
111.4,gas_transport,Amazon,Credit_Card,16.51,16,0,1,0
5421.95,misc_net,Chevron,Wire_Transfer,236.11,12,1,1,1
54.26,grocery_pos,Chevron,Debit_Card,8.51,20,0,1,0
668.97,travel,Amazon,Credit_Card,4393.17,2,1,1,1
320.18,travel,Walmart,Credit_Card,3014.75,14,1,1,1
737.75,shopping_net,Chevron,Digital_Wallet,15.24,0,0,1,1
-41.95,misc_net,Walmart,Debit_Card,16.78,12,0,1,0
60.23,entertainment,Starbucks,Credit_Card,15.44,20,0,1,0
47.86,grocery_pos,Amazon,Debit_Card,23.45,14,0,1,0
57.53,entertainment,Chevron,Credit_Card,4.56,10,0,1,0
1842.81,shopping_net,Amazon,Digital_Wallet,33.86,0,0,1,1
87.47,gas_transport,Starbucks,Debit_Card,14.3,8,0,1,0
34.09,grocery_pos,Chevron,Debit_Card,11.41,21,0,1,0
411.19,travel,Chevron,Credit_Card,1827.17,19,1,1,1
498.25,travel,Amazon,Credit_Card,1803.63,9,1,1,1
5920.4,misc_net,Starbucks,Wire_Transfer,235.87,12,1,1,1
4827.45,misc_net,Walmart,Wire_Transfer,491.76,15,1,1,1
54.3,grocery_pos,Amazon,Debit_Card,18.09,15,0,1,0
38.26,gas_transport,Chevron,Digital_Wallet,9.29,17,0,1,0
570.8,travel,Chevron,Credit_Card,2342.21,6,1,1,1
1.0,travel,Unknown_Foreign_Store,Credit_Card,3591.09,6,1,1,1
718.84,shopping_net,Chevron,Digital_Wallet,21.75,2,0,0,1
3520.42,misc_net,Amazon,Wire_Transfer,472.64,16,1,1,1
444.13,travel,Unknown_Foreign_Store,Credit_Card,1110.34,12,1,1,1
1514.52,shopping_net,Delta Air,Digital_Wallet,48.14,2,0,1,1
757.13,shopping_net,Chevron,Digital_Wallet,45.26,0,0,0,1
53.98,grocery_pos,Starbucks,Credit_Card,0.97,18,0,1,0
25.2,gas_transport,Walmart,Credit_Card,6.75,9,0,1,0
672.26,shopping_net,Walmart,Digital_Wallet,38.42,2,0,0,1
34.78,grocery_pos,Walmart,Debit_Card,26.35,14,0,1,0
40.97,grocery_pos,Walmart,Debit_Card,14.16,17,0,1,0
972.24,shopping_net,Steam,Digital_Wallet,26.0,23,0,0,1
-11.35,grocery_pos,Amazon,Digital_Wallet,3.19,14,0,1,0
6354.74,misc_net,Walmart,Wire_Transfer,391.59,13,1,0,1
6854.66,misc_net,Delta Air,Wire_Transfer,218.01,14,1,0,1
416.64,travel,Chevron,Credit_Card,4813.49,7,1,1,1
7.06,gas_transport,Starbucks,Credit_Card,18.81,17,0,1,0
551.72,travel,Delta Air,Credit_Card,1296.76,20,1,1,1
46.9,gas_transport,Starbucks,Credit_Card,7.28,20,0,1,0
1170.03,shopping_net,Walmart,Digital_Wallet,34.99,23,0,0,1
1527.99,shopping_net,Amazon,Digital_Wallet,42.79,1,0,1,1
60.22,gas_transport,Chevron,Credit_Card,21.45,15,0,1,0
46.64,gas_transport,Walmart,Debit_Card,23.76,10,0,1,0
1711.79,shopping_net,Unknown_Foreign_Store,Digital_Wallet,15.3,0,0,1,1
5621.26,misc_net,Unknown_Foreign_Store,Wire_Transfer,395.28,9,1,1,1
1155.3,shopping_net,Steam,Digital_Wallet,32.3,23,0,1,1
-2.21,travel,Starbucks,Credit_Card,15.4,20,0,1,0
978.71,shopping_net,Walmart,Digital_Wallet,14.81,23,0,0,1
77.51,grocery_pos,Starbucks,Debit_Card,25.99,12,0,1,0
46.18,shopping_net,Starbucks,Digital_Wallet,5.66,19,0,1,0
4761.94,misc_net,Steam,Wire_Transfer,393.38,11,1,1,1
9.77,grocery_pos,Chevron,Credit_Card,8.8,9,0,1,0
20.51,shopping_net,Chevron,Credit_Card,12.09,17,0,1,0
284.16,travel,Walmart,Credit_Card,4220.07,16,1,1,1
70.73,grocery_pos,Walmart,Credit_Card,2.26,11,0,1,0
6529.19,misc_net,Steam,Wire_Transfer,404.8,9,1,1,1
63.11,gas_transport,Starbucks,Credit_Card,14.57,17,0,1,0
31.67,gas_transport,Starbucks,Debit_Card,8.54,10,0,1,0
617.98,travel,Chevron,Credit_Card,3712.14,1,1,1,1
3904.53,misc_net,Amazon,Wire_Transfer,476.38,9,1,1,1
56.77,gas_transport,Starbucks,Credit_Card,6.24,14,0,1,0
12.75,grocery_pos,Chevron,Digital_Wallet,26.15,11,0,1,0
65.45,grocery_pos,Walmart,Credit_Card,4.71,14,0,1,0
27.72,shopping_net,Chevron,Digital_Wallet,3.91,10,0,1,0
794.18,shopping_net,Delta Air,Digital_Wallet,27.51,1,0,1,1
450.56,travel,Chevron,Credit_Card,3043.39,11,1,0,1
58.77,gas_transport,Starbucks,Credit_Card,15.82,19,0,1,0
30.34,grocery_pos,Amazon,Credit_Card,10.15,16,0,1,0
546.7,travel,Starbucks,Credit_Card,1014.33,15,1,0,1
461.39,travel,Starbucks,Credit_Card,4287.61,16,1,1,1
48.76,gas_transport,Starbucks,Credit_Card,19.53,21,0,1,0
-28.51,gas_transport,Starbucks,Debit_Card,16.05,21,0,1,0
4185.5,misc_net,Steam,Wire_Transfer,105.6,9,1,1,1
26.27,grocery_pos,Amazon,Debit_Card,7.39,16,0,1,0
4171.07,misc_net,Chevron,Wire_Transfer,388.86,11,1,0,1
3484.55,misc_net,Starbucks,Wire_Transfer,244.5,10,1,1,1
28.89,travel,Starbucks,Credit_Card,14.39,17,0,1,0
56.92,gas_transport,Walmart,Digital_Wallet,4.41,11,0,1,0
1169.44,shopping_net,Walmart,Digital_Wallet,40.44,0,0,0,1
31.37,grocery_pos,Walmart,Debit_Card,13.59,11,0,1,0
42.79,travel,Starbucks,Credit_Card,20.44,17,0,1,0
12.52,gas_transport,Amazon,Credit_Card,4.43,12,0,1,0
33.58,entertainment,Starbucks,Credit_Card,27.97,14,0,1,0
1515.08,shopping_net,Amazon,Digital_Wallet,46.8,1,0,1,1
3573.26,misc_net,Chevron,Wire_Transfer,491.72,10,1,1,1
114.65,grocery_pos,Starbucks,Credit_Card,17.6,15,0,1,0
4630.85,misc_net,Amazon,Wire_Transfer,466.02,12,1,0,1
25.91,travel,Amazon,Credit_Card,25.35,8,0,1,0
43.94,travel,Starbucks,Credit_Card,20.92,14,0,1,0
54.57,entertainment,Chevron,Credit_Card,6.76,11,0,1,0
1768.65,shopping_net,Delta Air,Digital_Wallet,24.82,23,0,1,1
493.78,travel,Delta Air,Credit_Card,4040.92,22,1,1,1
1327.4,shopping_net,Amazon,Digital_Wallet,41.06,2,0,0,1
437.1,shopping_net,Steam,Digital_Wallet,39.58,2,0,1,1
52.04,grocery_pos,Walmart,Debit_Card,29.43,18,0,1,0
817.89,travel,Amazon,Credit_Card,1994.04,23,1,1,1
73.04,shopping_net,Starbucks,Credit_Card,10.26,15,0,1,0
4253.37,misc_net,Walmart,Wire_Transfer,434.78,13,1,1,1
470.04,travel,Unknown_Foreign_Store,Credit_Card,4420.38,21,1,0,1
508.11,travel,Unknown_Foreign_Store,Credit_Card,2285.89,21,1,0,1
60.38,grocery_pos,Starbucks,Digital_Wallet,17.53,21,0,1,0
1396.07,shopping_net,Steam,Digital_Wallet,32.02,1,0,0,1
54.55,misc_net,Starbucks,Digital_Wallet,27.57,21,0,1,0
1424.12,shopping_net,Chevron,Digital_Wallet,37.28,23,0,1,1
1508.82,shopping_net,Starbucks,Digital_Wallet,45.17,1,0,1,1
39.98,grocery_pos,Walmart,Credit_Card,5.04,16,0,1,0
37.69,grocery_pos,Starbucks,Credit_Card,26.64,15,0,1,0
1367.76,shopping_net,Amazon,Digital_Wallet,9.42,1,0,1,1
59.24,grocery_pos,Chevron,Debit_Card,3.53,16,0,1,0
-15.85,shopping_net,Chevron,Credit_Card,23.35,14,0,1,0
4520.62,misc_net,Chevron,Wire_Transfer,153.6,9,1,1,1
3795.67,misc_net,Delta Air,Wire_Transfer,200.9,9,1,0,1
28.97,entertainment,Walmart,Debit_Card,24.33,13,0,1,0
174.58,travel,Starbucks,Credit_Card,776.94,17,1,1,1
82.35,gas_transport,Walmart,Debit_Card,19.01,20,0,1,0
-0.33,travel,Amazon,Debit_Card,9.72,15,0,1,0
58.2,grocery_pos,Chevron,Credit_Card,10.86,8,0,1,0
100.14,gas_transport,Amazon,Debit_Card,18.4,13,0,1,0
4651.3,misc_net,Steam,Wire_Transfer,424.43,10,1,1,1
67.07,misc_net,Amazon,Credit_Card,21.3,9,0,1,0
25.46,gas_transport,Walmart,Credit_Card,21.02,14,0,1,0
500.6,travel,Chevron,Credit_Card,2953.4,5,1,1,1
942.16,shopping_net,Steam,Digital_Wallet,47.7,1,0,1,1
496.27,travel,Starbucks,Credit_Card,2772.63,3,1,1,1
498.41,travel,Delta Air,Credit_Card,4391.03,7,1,0,1
3.08,travel,Chevron,Credit_Card,11.45,16,0,1,0
501.91,travel,Steam,Credit_Card,2750.67,21,1,0,1
57.88,gas_transport,Starbucks,Credit_Card,1.62,15,0,1,0
1116.91,shopping_net,Chevron,Digital_Wallet,39.07,2,0,0,1
464.37,travel,Chevron,Credit_Card,2518.94,6,1,0,1
3260.51,misc_net,Unknown_Foreign_Store,Wire_Transfer,239.14,9,1,0,1
299.01,travel,Delta Air,Credit_Card,3149.77,22,1,1,1
470.78,travel,Amazon,Credit_Card,646.71,0,1,1,1
15.37,misc_net,Amazon,Credit_Card,25.31,12,0,1,0
5900.26,misc_net,Amazon,Wire_Transfer,100.49,13,1,1,1
44.5,shopping_net,Starbucks,Debit_Card,24.48,9,0,1,0
681.49,travel,Delta Air,Credit_Card,834.48,6,1,0,1
49.22,gas_transport,Walmart,Debit_Card,18.16,21,0,1,0
81.32,gas_transport,Starbucks,Credit_Card,2.85,11,0,1,0
1247.39,shopping_net,Unknown_Foreign_Store,Digital_Wallet,39.41,23,0,0,1
31.41,shopping_net,Amazon,Digital_Wallet,14.87,21,0,1,0
4665.57,misc_net,Amazon,Wire_Transfer,472.54,10,1,1,1
56.64,gas_transport,Walmart,Debit_Card,24.37,13,0,1,0
325.46,travel,Chevron,Credit_Card,3021.65,20,1,1,1
10.2,grocery_pos,Walmart,Digital_Wallet,20.89,21,0,1,0
311.1,travel,Steam,Credit_Card,2711.71,13,1,1,1
516.21,travel,Chevron,Credit_Card,3854.44,15,1,0,1
0.56,gas_transport,Chevron,Credit_Card,16.18,21,0,1,0
750.4,travel,Delta Air,Credit_Card,4941.48,2,1,0,1
1040.71,shopping_net,Delta Air,Digital_Wallet,14.1,0,0,1,1
4256.94,misc_net,Unknown_Foreign_Store,Wire_Transfer,393.25,9,1,1,1
70.97,shopping_net,Walmart,Debit_Card,2.56,16,0,1,0
23.01,entertainment,Starbucks,Credit_Card,27.54,11,0,1,0
59.06,grocery_pos,Amazon,Debit_Card,1.95,21,0,1,0
11.4,gas_transport,Amazon,Debit_Card,1.06,9,0,1,0
3918.99,misc_net,Chevron,Wire_Transfer,255.66,15,1,0,1
1567.76,shopping_net,Amazon,Digital_Wallet,45.11,0,0,1,1
6177.65,misc_net,Chevron,Wire_Transfer,220.79,16,1,0,1
12.0,shopping_net,Amazon,Credit_Card,18.67,10,0,1,0
72.52,gas_transport,Walmart,Debit_Card,9.1,12,0,1,0
20.49,shopping_net,Amazon,Credit_Card,25.1,9,0,1,0
98.29,grocery_pos,Chevron,Credit_Card,9.94,21,0,1,0
37.49,gas_transport,Starbucks,Debit_Card,5.63,13,0,1,0
4792.02,misc_net,Steam,Wire_Transfer,116.02,13,1,1,1
63.31,grocery_pos,Starbucks,Credit_Card,8.81,19,0,1,0
14.07,grocery_pos,Starbucks,Credit_Card,15.46,21,0,1,0
1263.85,shopping_net,Walmart,Digital_Wallet,24.68,23,0,1,1
398.32,travel,Amazon,Credit_Card,2693.87,14,1,0,1
1091.78,shopping_net,Walmart,Digital_Wallet,9.28,2,0,1,1
1004.06,shopping_net,Unknown_Foreign_Store,Digital_Wallet,24.98,0,0,1,1
50.96,misc_net,Walmart,Credit_Card,3.3,14,0,1,0
354.95,travel,Delta Air,Credit_Card,4038.32,21,1,1,1
1703.52,shopping_net,Steam,Digital_Wallet,5.81,23,0,1,1
16.96,gas_transport,Starbucks,Credit_Card,4.52,18,0,1,0
340.95,travel,Amazon,Credit_Card,1798.61,23,1,0,1
25.8,gas_transport,Amazon,Credit_Card,28.49,19,0,1,0
27.38,gas_transport,Amazon,Debit_Card,29.05,15,0,1,0
213.89,travel,Steam,Credit_Card,4642.01,0,1,1,1
1.49,gas_transport,Walmart,Credit_Card,23.64,15,0,1,0
3567.72,misc_net,Starbucks,Wire_Transfer,149.11,12,1,1,1
6069.44,misc_net,Amazon,Wire_Transfer,141.11,11,1,0,1
51.32,grocery_pos,Chevron,Credit_Card,12.93,21,0,1,0
21.27,entertainment,Starbucks,Debit_Card,26.92,21,0,1,0
1290.65,shopping_net,Chevron,Digital_Wallet,11.34,0,0,1,1
46.97,gas_transport,Amazon,Credit_Card,22.91,8,0,1,0
44.68,entertainment,Chevron,Credit_Card,15.01,8,0,1,0
5578.0,misc_net,Amazon,Wire_Transfer,344.57,12,1,1,1
52.26,grocery_pos,Walmart,Credit_Card,18.83,12,0,1,0
85.58,shopping_net,Walmart,Debit_Card,18.45,19,0,1,0
26.83,gas_transport,Walmart,Debit_Card,14.7,21,0,1,0
343.27,travel,Unknown_Foreign_Store,Credit_Card,1258.84,1,1,0,1
425.63,travel,Unknown_Foreign_Store,Credit_Card,1463.52,2,1,0,1
28.33,grocery_pos,Chevron,Digital_Wallet,15.58,16,0,1,0
38.52,grocery_pos,Starbucks,Credit_Card,10.99,15,0,1,0
365.52,travel,Unknown_Foreign_Store,Credit_Card,4845.77,21,1,0,1
-7.39,grocery_pos,Amazon,Debit_Card,15.89,16,0,1,0
40.14,gas_transport,Starbucks,Debit_Card,11.83,16,0,1,0
42.43,grocery_pos,Walmart,Debit_Card,17.33,19,0,1,0
5508.83,misc_net,Starbucks,Wire_Transfer,406.72,11,1,1,1
157.45,travel,Delta Air,Credit_Card,4897.15,7,1,1,1
90.39,gas_transport,Chevron,Credit_Card,22.79,19,0,1,0
60.84,grocery_pos,Amazon,Credit_Card,9.71,10,0,1,0
183.52,travel,Walmart,Credit_Card,3709.31,15,1,0,1
53.17,gas_transport,Chevron,Credit_Card,9.0,15,0,1,0
92.65,entertainment,Amazon,Credit_Card,27.44,11,0,1,0
742.31,shopping_net,Steam,Digital_Wallet,12.89,1,0,1,1
49.42,travel,Walmart,Debit_Card,20.1,12,0,1,0
69.6,gas_transport,Walmart,Credit_Card,10.12,16,0,1,0
368.07,travel,Delta Air,Credit_Card,3637.14,10,1,1,1
64.88,grocery_pos,Chevron,Credit_Card,14.91,12,0,1,0
59.29,gas_transport,Walmart,Debit_Card,5.04,10,0,1,0
50.41,grocery_pos,Amazon,Credit_Card,3.03,20,0,1,0
19.96,gas_transport,Walmart,Debit_Card,24.73,17,0,1,0
1803.19,shopping_net,Chevron,Digital_Wallet,8.39,23,0,1,1
59.9,grocery_pos,Walmart,Credit_Card,24.16,21,0,1,0
93.09,shopping_net,Amazon,Debit_Card,4.54,21,0,1,0
28.97,gas_transport,Walmart,Credit_Card,14.73,17,0,1,0
25.34,gas_transport,Walmart,Debit_Card,6.58,14,0,1,0
4308.79,misc_net,Chevron,Wire_Transfer,475.93,16,1,0,1
36.48,gas_transport,Amazon,Debit_Card,14.74,10,0,1,0
690.47,shopping_net,Delta Air,Digital_Wallet,17.71,23,0,1,1
37.09,gas_transport,Amazon,Debit_Card,28.85,9,0,1,0
109.49,shopping_net,Starbucks,Debit_Card,0.97,15,0,1,0
42.71,misc_net,Amazon,Credit_Card,11.45,11,0,1,0
34.71,grocery_pos,Walmart,Debit_Card,19.43,17,0,1,0
68.04,misc_net,Starbucks,Debit_Card,1.3,14,0,1,0
5633.5,misc_net,Steam,Wire_Transfer,444.92,14,1,1,1
4962.89,misc_net,Starbucks,Wire_Transfer,355.16,14,1,1,1
535.95,travel,Walmart,Credit_Card,3650.15,1,1,1,1
3215.19,misc_net,Unknown_Foreign_Store,Wire_Transfer,184.11,16,1,0,1
91.61,grocery_pos,Starbucks,Credit_Card,22.89,18,0,1,0
19.97,misc_net,Amazon,Credit_Card,10.2,19,0,1,0
1681.71,shopping_net,Walmart,Digital_Wallet,38.3,2,0,1,1
1009.66,shopping_net,Chevron,Digital_Wallet,38.34,23,0,1,1
1882.23,shopping_net,Walmart,Digital_Wallet,32.39,1,0,1,1
4420.14,misc_net,Chevron,Wire_Transfer,326.91,11,1,0,1
351.13,travel,Steam,Credit_Card,614.45,22,1,1,1
39.59,grocery_pos,Amazon,Credit_Card,1.97,18,0,1,0
47.15,gas_transport,Amazon,Credit_Card,2.42,21,0,1,0
5381.27,misc_net,Chevron,Wire_Transfer,245.09,16,1,1,1
38.19,entertainment,Chevron,Credit_Card,5.42,12,0,1,0
3.5,shopping_net,Amazon,Credit_Card,19.86,12,0,1,0
959.15,shopping_net,Steam,Digital_Wallet,29.83,0,0,0,1
333.05,travel,Chevron,Credit_Card,4598.21,12,1,1,1
403.0,travel,Delta Air,Credit_Card,3653.29,4,1,0,1
1020.21,shopping_net,Starbucks,Digital_Wallet,9.38,23,0,1,1
48.5,grocery_pos,Chevron,Credit_Card,29.07,17,0,1,0
95.24,grocery_pos,Chevron,Credit_Card,5.47,11,0,1,0
64.96,gas_transport,Chevron,Credit_Card,9.15,13,0,1,0
1236.88,shopping_net,Starbucks,Digital_Wallet,12.28,23,0,1,1
203.13,travel,Delta Air,Credit_Card,772.92,17,1,1,1
41.76,grocery_pos,Walmart,Credit_Card,11.73,13,0,1,0
763.92,shopping_net,Amazon,Digital_Wallet,14.11,1,0,1,1
401.6,travel,Starbucks,Credit_Card,4800.45,17,1,0,1
-13.16,gas_transport,Amazon,Debit_Card,11.82,21,0,1,0
257.48,travel,Amazon,Credit_Card,1912.18,13,1,1,1
554.37,travel,Unknown_Foreign_Store,Credit_Card,3825.96,1,1,1,1
3660.7,misc_net,Walmart,Wire_Transfer,446.54,10,1,0,1
1603.52,shopping_net,Walmart,Digital_Wallet,45.08,0,0,1,1
65.49,gas_transport,Starbucks,Digital_Wallet,2.46,8,0,1,0
81.09,gas_transport,Amazon,Credit_Card,4.07,20,0,1,0
4775.52,misc_net,Delta Air,Wire_Transfer,300.85,13,1,0,1
-2.25,entertainment,Walmart,Credit_Card,26.91,8,0,1,0
43.53,grocery_pos,Starbucks,Credit_Card,11.39,20,0,1,0
307.91,travel,Delta Air,Credit_Card,4369.74,2,1,0,1
67.39,misc_net,Chevron,Digital_Wallet,20.33,19,0,1,0
182.22,travel,Chevron,Credit_Card,4705.05,9,1,0,1
53.64,shopping_net,Starbucks,Credit_Card,2.04,19,0,1,0
33.64,entertainment,Chevron,Credit_Card,16.04,19,0,1,0
419.07,travel,Starbucks,Credit_Card,3776.78,23,1,1,1
24.74,travel,Amazon,Debit_Card,1.21,21,0,1,0
27.28,misc_net,Walmart,Credit_Card,17.59,17,0,1,0
65.96,gas_transport,Walmart,Debit_Card,17.05,19,0,1,0
56.37,travel,Starbucks,Credit_Card,9.61,13,0,1,0
32.83,misc_net,Amazon,Digital_Wallet,25.93,8,0,1,0
70.36,gas_transport,Starbucks,Debit_Card,7.95,8,0,1,0
215.86,travel,Delta Air,Credit_Card,4639.72,7,1,1,1
425.91,travel,Steam,Credit_Card,2636.37,1,1,0,1
394.2,travel,Delta Air,Credit_Card,1675.55,20,1,1,1
46.53,grocery_pos,Walmart,Credit_Card,20.05,16,0,1,0
4696.41,misc_net,Unknown_Foreign_Store,Wire_Transfer,397.04,9,1,1,1
354.99,travel,Walmart,Credit_Card,2216.16,6,1,0,1
45.77,gas_transport,Chevron,Credit_Card,19.73,10,0,1,0
77.77,grocery_pos,Amazon,Digital_Wallet,18.68,8,0,1,0
4392.48,misc_net,Delta Air,Wire_Transfer,279.37,12,1,1,1
4918.72,misc_net,Delta Air,Wire_Transfer,478.06,12,1,1,1
1099.15,shopping_net,Walmart,Digital_Wallet,45.72,1,0,1,1
431.93,shopping_net,Delta Air,Digital_Wallet,27.02,1,0,1,1
4339.6,misc_net,Walmart,Wire_Transfer,491.99,14,1,0,1
1301.07,shopping_net,Steam,Digital_Wallet,15.58,0,0,0,1
-3.46,shopping_net,Chevron,Credit_Card,7.22,17,0,1,0
5618.29,misc_net,Amazon,Wire_Transfer,305.69,14,1,1,1
59.33,gas_transport,Chevron,Debit_Card,3.93,12,0,1,0
21.03,gas_transport,Chevron,Credit_Card,25.15,13,0,1,0
436.19,travel,Amazon,Credit_Card,3055.62,10,1,1,1
1624.77,shopping_net,Unknown_Foreign_Store,Digital_Wallet,14.8,0,0,1,1
10.03,travel,Amazon,Credit_Card,13.1,11,0,1,0
648.77,travel,Unknown_Foreign_Store,Credit_Card,2469.69,18,1,1,1
642.44,travel,Delta Air,Credit_Card,4522.5,18,1,1,1
6373.94,misc_net,Steam,Wire_Transfer,104.7,16,1,0,1
44.6,entertainment,Walmart,Debit_Card,10.51,9,0,1,0
1629.37,shopping_net,Amazon,Digital_Wallet,33.73,1,0,1,1
76.24,grocery_pos,Chevron,Credit_Card,3.69,11,0,1,0
49.18,entertainment,Walmart,Debit_Card,2.59,13,0,1,0
85.5,shopping_net,Amazon,Credit_Card,25.49,20,0,1,0
5816.08,misc_net,Unknown_Foreign_Store,Wire_Transfer,357.45,16,1,0,1
1214.36,shopping_net,Walmart,Digital_Wallet,45.9,0,0,1,1
10.2,gas_transport,Chevron,Debit_Card,13.95,11,0,1,0
1241.9,shopping_net,Amazon,Digital_Wallet,18.53,0,0,1,1
369.85,travel,Starbucks,Credit_Card,2840.75,14,1,1,1
6105.66,misc_net,Steam,Wire_Transfer,476.85,9,1,1,1
407.03,travel,Delta Air,Credit_Card,3328.72,10,1,0,1
72.29,gas_transport,Amazon,Credit_Card,23.66,20,0,1,0
1086.39,shopping_net,Unknown_Foreign_Store,Digital_Wallet,47.18,23,0,1,1
42.13,shopping_net,Amazon,Credit_Card,29.38,21,0,1,0
5043.55,misc_net,Unknown_Foreign_Store,Wire_Transfer,277.04,14,1,1,1
547.89,travel,Steam,Credit_Card,2856.47,10,1,0,1
1447.64,shopping_net,Amazon,Digital_Wallet,13.64,23,0,1,1
39.75,grocery_pos,Starbucks,Credit_Card,15.75,10,0,1,0
20.38,grocery_pos,Chevron,Credit_Card,11.8,14,0,1,0
35.54,gas_transport,Chevron,Credit_Card,23.3,15,0,1,0
14.48,travel,Amazon,Credit_Card,2252.36,12,1,1,1
1478.36,shopping_net,Steam,Digital_Wallet,10.88,0,0,0,1
42.32,grocery_pos,Amazon,Credit_Card,15.69,16,0,1,0
5027.4,misc_net,Walmart,Wire_Transfer,124.89,15,1,0,1
76.16,misc_net,Starbucks,Credit_Card,1.88,16,0,1,0
13.3,travel,Amazon,Debit_Card,3.65,21,0,1,0
259.56,travel,Chevron,Credit_Card,3765.81,3,1,1,1
65.13,travel,Chevron,Debit_Card,27.05,13,0,1,0
-3.4,grocery_pos,Starbucks,Debit_Card,12.55,11,0,1,0
66.54,grocery_pos,Walmart,Credit_Card,12.5,15,0,1,0
6429.52,misc_net,Unknown_Foreign_Store,Wire_Transfer,469.39,9,1,1,1
473.53,travel,Steam,Credit_Card,1083.43,12,1,1,1
19.7,grocery_pos,Starbucks,Credit_Card,10.55,21,0,1,0
548.06,travel,Chevron,Credit_Card,4344.89,12,1,1,1
42.22,misc_net,Chevron,Credit_Card,15.62,14,0,1,0
36.8,gas_transport,Walmart,Credit_Card,17.49,18,0,1,0
4881.93,misc_net,Chevron,Wire_Transfer,209.13,10,1,1,1
41.67,travel,Starbucks,Credit_Card,23.79,10,0,1,0
2829.84,misc_net,Steam,Wire_Transfer,195.91,13,1,0,1
1400.21,shopping_net,Amazon,Digital_Wallet,37.98,0,0,0,1
25.02,grocery_pos,Starbucks,Debit_Card,26.18,18,0,1,0
5621.23,misc_net,Delta Air,Wire_Transfer,329.81,9,1,1,1
59.8,travel,Starbucks,Digital_Wallet,10.14,18,0,1,0
74.86,entertainment,Chevron,Credit_Card,14.68,19,0,1,0
1031.67,shopping_net,Delta Air,Digital_Wallet,30.19,1,0,1,1
97.67,shopping_net,Chevron,Credit_Card,3.19,19,0,1,0
45.95,shopping_net,Starbucks,Credit_Card,0.77,19,0,1,0
66.17,entertainment,Chevron,Credit_Card,7.48,19,0,1,0
5232.43,misc_net,Unknown_Foreign_Store,Wire_Transfer,213.18,15,1,0,1
1333.46,shopping_net,Delta Air,Digital_Wallet,49.98,0,0,1,1
4366.01,misc_net,Steam,Wire_Transfer,442.25,9,1,1,1
-7.9,gas_transport,Amazon,Debit_Card,18.37,9,0,1,0
42.12,gas_transport,Starbucks,Credit_Card,26.29,20,0,1,0
307.3,travel,Delta Air,Credit_Card,1251.29,5,1,0,1
43.47,gas_transport,Walmart,Debit_Card,10.83,15,0,1,0
35.78,grocery_pos,Amazon,Credit_Card,24.57,14,0,1,0
57.61,shopping_net,Amazon,Credit_Card,24.0,20,0,1,0
5096.88,misc_net,Walmart,Wire_Transfer,250.47,9,1,0,1
275.15,travel,Starbucks,Credit_Card,4902.12,22,1,1,1
1553.16,shopping_net,Amazon,Digital_Wallet,49.41,0,0,1,1
37.77,misc_net,Starbucks,Credit_Card,28.32,9,0,1,0
215.09,travel,Steam,Credit_Card,4623.64,4,1,1,1
2001.2,shopping_net,Chevron,Digital_Wallet,34.26,0,0,0,1
978.26,shopping_net,Unknown_Foreign_Store,Digital_Wallet,26.13,2,0,0,1
418.72,travel,Chevron,Credit_Card,4083.36,2,1,1,1
46.35,grocery_pos,Chevron,Digital_Wallet,15.06,21,0,1,0
49.84,grocery_pos,Amazon,Credit_Card,6.22,14,0,1,0
81.05,gas_transport,Chevron,Credit_Card,20.66,10,0,1,0
1.0,travel,Unknown_Foreign_Store,Credit_Card,3706.45,17,1,0,1
5134.62,misc_net,Chevron,Wire_Transfer,285.83,16,1,1,1
1487.04,shopping_net,Walmart,Digital_Wallet,22.89,1,0,0,1
35.73,gas_transport,Amazon,Debit_Card,20.52,10,0,1,0
58.47,grocery_pos,Chevron,Credit_Card,12.97,14,0,1,0
52.23,travel,Chevron,Debit_Card,15.04,11,0,1,0
48.15,entertainment,Amazon,Digital_Wallet,6.89,13,0,1,0
2.77,gas_transport,Chevron,Credit_Card,20.55,12,0,1,0
56.77,gas_transport,Walmart,Credit_Card,14.26,12,0,1,0
43.52,grocery_pos,Chevron,Credit_Card,29.06,13,0,1,0
1.4,misc_net,Walmart,Credit_Card,27.38,9,0,1,0
1209.13,shopping_net,Delta Air,Digital_Wallet,23.75,1,0,0,1
45.68,grocery_pos,Chevron,Credit_Card,16.69,21,0,1,0
32.81,misc_net,Starbucks,Debit_Card,0.97,19,0,1,0
1233.87,shopping_net,Starbucks,Digital_Wallet,46.88,1,0,1,1
1069.73,shopping_net,Starbucks,Digital_Wallet,10.77,23,0,1,1
-15.85,grocery_pos,Starbucks,Digital_Wallet,16.46,19,0,1,0
93.59,grocery_pos,Walmart,Debit_Card,14.69,14,0,1,0
349.55,travel,Steam,Credit_Card,651.88,10,1,0,1
-12.54,gas_transport,Chevron,Credit_Card,12.77,13,0,1,0
5365.13,misc_net,Amazon,Wire_Transfer,395.72,12,1,1,1
12.0,entertainment,Amazon,Credit_Card,12.49,20,0,1,0
1465.57,shopping_net,Chevron,Digital_Wallet,47.62,23,0,1,1
323.53,travel,Starbucks,Credit_Card,2565.78,15,1,1,1
1598.83,shopping_net,Starbucks,Digital_Wallet,27.66,0,0,0,1
143.67,travel,Starbucks,Credit_Card,1116.95,1,1,1,1
1452.05,shopping_net,Amazon,Digital_Wallet,23.86,2,0,0,1
1243.53,shopping_net,Delta Air,Digital_Wallet,45.6,0,0,1,1
1216.54,shopping_net,Amazon,Digital_Wallet,39.61,23,0,0,1
56.01,grocery_pos,Walmart,Credit_Card,0.58,13,0,1,0
2.48,travel,Starbucks,Credit_Card,9.08,10,0,1,0
610.02,travel,Chevron,Credit_Card,3414.12,6,1,0,1
39.66,grocery_pos,Starbucks,Debit_Card,18.78,16,0,1,0
398.08,travel,Unknown_Foreign_Store,Credit_Card,2136.93,0,1,0,1
1179.01,shopping_net,Starbucks,Digital_Wallet,10.89,0,0,0,1
234.31,travel,Chevron,Credit_Card,3544.96,13,1,1,1
42.06,grocery_pos,Starbucks,Digital_Wallet,18.26,12,0,1,0
66.34,grocery_pos,Chevron,Credit_Card,20.57,10,0,1,0
383.76,travel,Amazon,Credit_Card,3443.81,3,1,1,1
0.87,gas_transport,Amazon,Credit_Card,2.47,8,0,1,0
43.94,grocery_pos,Chevron,Credit_Card,10.72,19,0,1,0
39.72,travel,Starbucks,Credit_Card,29.07,12,0,1,0
1562.83,shopping_net,Unknown_Foreign_Store,Digital_Wallet,46.16,23,0,1,1
73.98,gas_transport,Amazon,Credit_Card,16.04,20,0,1,0
4724.55,misc_net,Delta Air,Wire_Transfer,465.25,15,1,1,1
54.82,grocery_pos,Amazon,Debit_Card,28.16,18,0,1,0
4571.76,misc_net,Walmart,Wire_Transfer,181.63,11,1,0,1
3995.09,misc_net,Delta Air,Wire_Transfer,244.58,13,1,1,1
1189.78,shopping_net,Chevron,Digital_Wallet,13.75,1,0,0,1
4002.91,misc_net,Amazon,Wire_Transfer,301.56,14,1,0,1
42.14,travel,Starbucks,Credit_Card,1.19,18,0,1,0
1538.56,shopping_net,Amazon,Digital_Wallet,27.07,0,0,0,1
27.92,grocery_pos,Chevron,Credit_Card,16.84,19,0,1,0
884.66,shopping_net,Walmart,Digital_Wallet,38.21,23,0,1,1
1888.56,shopping_net,Steam,Digital_Wallet,17.91,0,0,0,1
1479.47,shopping_net,Chevron,Digital_Wallet,15.03,2,0,1,1
67.54,gas_transport,Starbucks,Digital_Wallet,8.35,14,0,1,0
53.3,shopping_net,Amazon,Digital_Wallet,13.6,21,0,1,0
509.65,travel,Delta Air,Credit_Card,2419.09,12,1,1,1
301.36,travel,Unknown_Foreign_Store,Credit_Card,4068.44,2,1,1,1
520.39,travel,Chevron,Credit_Card,3536.06,23,1,0,1
4600.53,misc_net,Walmart,Wire_Transfer,200.87,11,1,1,1
606.23,travel,Unknown_Foreign_Store,Credit_Card,2134.36,5,1,1,1
714.99,shopping_net,Steam,Digital_Wallet,24.19,1,0,0,1
69.05,grocery_pos,Walmart,Debit_Card,1.93,9,0,1,0
36.33,shopping_net,Amazon,Debit_Card,21.42,12,0,1,0
80.3,grocery_pos,Starbucks,Credit_Card,29.65,17,0,1,0
1131.36,shopping_net,Chevron,Digital_Wallet,14.12,2,0,1,1
22.61,misc_net,Starbucks,Credit_Card,6.88,8,0,1,0
5048.47,misc_net,Walmart,Wire_Transfer,312.46,16,1,0,1
33.43,misc_net,Amazon,Credit_Card,7.41,11,0,1,0
1155.74,shopping_net,Walmart,Digital_Wallet,31.99,0,0,0,1
1091.2,shopping_net,Delta Air,Digital_Wallet,5.11,2,0,0,1
61.63,grocery_pos,Chevron,Credit_Card,10.03,20,0,1,0
5.97,gas_transport,Chevron,Credit_Card,4.79,15,0,1,0
1203.37,shopping_net,Walmart,Digital_Wallet,46.98,23,0,0,1
21.98,gas_transport,Amazon,Credit_Card,29.45,10,0,1,0
32.91,travel,Chevron,Debit_Card,15.92,10,0,1,0
71.78,grocery_pos,Starbucks,Credit_Card,20.08,11,0,1,0
864.24,shopping_net,Chevron,Digital_Wallet,23.51,2,0,0,1
512.9,travel,Chevron,Credit_Card,4345.86,12,1,1,1
64.22,entertainment,Starbucks,Credit_Card,2.19,17,0,1,0
21.45,travel,Walmart,Credit_Card,1.65,20,0,1,0
875.33,shopping_net,Amazon,Digital_Wallet,48.26,2,0,0,1
1292.2,shopping_net,Starbucks,Digital_Wallet,32.36,2,0,1,1
1016.52,shopping_net,Unknown_Foreign_Store,Digital_Wallet,24.52,23,0,1,1
21.11,travel,Amazon,Digital_Wallet,20.18,14,0,1,0
-2.9,travel,Starbucks,Credit_Card,7.02,16,0,1,0
27.08,travel,Walmart,Credit_Card,5.84,19,0,1,0
1636.7,shopping_net,Chevron,Digital_Wallet,26.17,23,0,1,1
83.97,grocery_pos,Amazon,Credit_Card,9.21,8,0,1,0
1710.34,shopping_net,Steam,Digital_Wallet,7.19,0,0,0,1
31.06,travel,Starbucks,Credit_Card,10.15,14,0,1,0
1316.98,shopping_net,Walmart,Digital_Wallet,21.27,23,0,0,1
65.4,gas_transport,Starbucks,Debit_Card,10.67,9,0,1,0
3536.2,misc_net,Walmart,Wire_Transfer,182.41,12,1,0,1
90.27,grocery_pos,Walmart,Credit_Card,27.05,13,0,1,0
6893.31,misc_net,Steam,Wire_Transfer,179.04,11,1,0,1
18.32,gas_transport,Starbucks,Credit_Card,1.02,18,0,1,0
58.28,entertainment,Walmart,Credit_Card,8.32,19,0,1,0
86.11,entertainment,Amazon,Credit_Card,24.4,19,0,1,0
5185.4,misc_net,Chevron,Wire_Transfer,133.58,10,1,0,1
5181.83,misc_net,Starbucks,Wire_Transfer,142.23,16,1,1,1
368.15,shopping_net,Starbucks,Digital_Wallet,32.21,1,0,1,1
43.56,gas_transport,Walmart,Digital_Wallet,7.35,15,0,1,0
-2.25,gas_transport,Walmart,Debit_Card,0.99,21,0,1,0
4.22,grocery_pos,Walmart,Credit_Card,29.2,19,0,1,0
31.12,grocery_pos,Chevron,Digital_Wallet,8.57,21,0,1,0
57.24,grocery_pos,Walmart,Debit_Card,17.69,19,0,1,0
1145.77,shopping_net,Steam,Digital_Wallet,32.47,1,0,1,1
63.63,entertainment,Amazon,Debit_Card,18.35,20,0,1,0
50.02,misc_net,Chevron,Credit_Card,18.73,11,0,1,0
1162.01,shopping_net,Unknown_Foreign_Store,Digital_Wallet,27.52,2,0,1,1
1101.95,shopping_net,Walmart,Digital_Wallet,25.23,2,0,1,1
17.35,gas_transport,Walmart,Debit_Card,23.19,15,0,1,0
5069.53,misc_net,Delta Air,Wire_Transfer,280.27,10,1,1,1
440.72,travel,Delta Air,Credit_Card,1763.72,2,1,0,1
261.95,travel,Unknown_Foreign_Store,Credit_Card,3813.37,6,1,1,1
25.75,misc_net,Walmart,Debit_Card,7.31,17,0,1,0
54.13,entertainment,Starbucks,Debit_Card,28.68,19,0,1,0
677.33,travel,Chevron,Credit_Card,4857.32,22,1,0,1
355.12,travel,Walmart,Credit_Card,2778.79,18,1,1,1
72.89,shopping_net,Starbucks,Credit_Card,23.58,10,0,1,0
971.58,shopping_net,Steam,Digital_Wallet,38.74,2,0,1,1
40.32,gas_transport,Amazon,Debit_Card,12.87,16,0,1,0
1330.36,shopping_net,Unknown_Foreign_Store,Digital_Wallet,9.99,23,0,1,1
49.34,grocery_pos,Starbucks,Credit_Card,10.09,10,0,1,0
22.67,grocery_pos,Amazon,Credit_Card,22.67,11,0,1,0
29.55,gas_transport,Amazon,Debit_Card,18.41,8,0,1,0
4114.07,misc_net,Delta Air,Wire_Transfer,248.51,14,1,1,1
81.48,gas_transport,Walmart,Credit_Card,22.58,16,0,1,0
28.58,grocery_pos,Starbucks,Credit_Card,16.52,19,0,1,0
1039.29,shopping_net,Unknown_Foreign_Store,Digital_Wallet,6.65,0,0,1,1
83.9,misc_net,Starbucks,Credit_Card,9.53,12,0,1,0
29.4,misc_net,Chevron,Credit_Card,3.43,15,0,1,0
1152.85,shopping_net,Delta Air,Digital_Wallet,38.46,1,0,1,1
74.69,entertainment,Walmart,Credit_Card,7.15,10,0,1,0
39.75,gas_transport,Starbucks,Credit_Card,1.95,8,0,1,0
30.79,gas_transport,Chevron,Credit_Card,2.44,8,0,1,0
5266.18,misc_net,Chevron,Wire_Transfer,144.88,10,1,1,1
73.05,gas_transport,Walmart,Credit_Card,23.92,12,0,1,0
294.0,travel,Walmart,Credit_Card,2463.95,17,1,0,1
1481.78,shopping_net,Delta Air,Digital_Wallet,15.56,2,0,1,1
251.4,travel,Delta Air,Credit_Card,2615.54,7,1,0,1
71.64,gas_transport,Amazon,Credit_Card,14.65,15,0,1,0
88.26,gas_transport,Starbucks,Credit_Card,21.89,21,0,1,0
789.24,shopping_net,Starbucks,Digital_Wallet,34.3,0,0,0,1
1447.01,shopping_net,Steam,Digital_Wallet,33.12,0,0,1,1
32.86,shopping_net,Starbucks,Credit_Card,28.21,10,0,1,0
975.77,shopping_net,Chevron,Digital_Wallet,48.86,2,0,1,1
6463.42,misc_net,Unknown_Foreign_Store,Wire_Transfer,443.62,16,1,0,1
4144.31,misc_net,Walmart,Wire_Transfer,295.34,13,1,0,1
46.91,gas_transport,Chevron,Credit_Card,12.39,19,0,1,0
40.39,entertainment,Starbucks,Credit_Card,17.4,11,0,1,0
76.16,grocery_pos,Amazon,Credit_Card,17.48,16,0,1,0
64.8,travel,Walmart,Credit_Card,12.7,8,0,1,0
1053.02,shopping_net,Delta Air,Digital_Wallet,26.45,0,0,0,1
20.57,grocery_pos,Walmart,Credit_Card,19.93,12,0,1,0
344.74,travel,Chevron,Credit_Card,3012.17,4,1,0,1
49.76,gas_transport,Walmart,Debit_Card,26.21,19,0,1,0
1335.69,shopping_net,Steam,Digital_Wallet,42.34,1,0,1,1
37.66,grocery_pos,Walmart,Credit_Card,6.38,11,0,1,0
32.51,grocery_pos,Walmart,Debit_Card,24.41,14,0,1,0
535.24,travel,Steam,Credit_Card,2460.49,23,1,0,1
38.82,travel,Amazon,Credit_Card,18.59,19,0,1,0
28.32,grocery_pos,Chevron,Debit_Card,13.03,18,0,1,0
5017.07,misc_net,Walmart,Wire_Transfer,274.48,16,1,0,1
1663.16,shopping_net,Chevron,Digital_Wallet,37.39,1,0,0,1
5475.82,misc_net,Delta Air,Wire_Transfer,440.83,11,1,1,1
1513.36,shopping_net,Walmart,Digital_Wallet,49.52,0,0,1,1
291.75,travel,Walmart,Credit_Card,2710.9,16,1,0,1
17.95,grocery_pos,Amazon,Credit_Card,10.66,15,0,1,0
72.46,grocery_pos,Amazon,Debit_Card,3.85,11,0,1,0
40.76,gas_transport,Walmart,Credit_Card,23.77,10,0,1,0
422.34,travel,Walmart,Credit_Card,3682.4,9,1,0,1
1067.88,shopping_net,Steam,Digital_Wallet,33.26,2,0,1,1
1348.65,shopping_net,Unknown_Foreign_Store,Digital_Wallet,30.77,0,0,0,1
483.31,travel,Delta Air,Credit_Card,1367.35,7,1,0,1
48.16,gas_transport,Chevron,Credit_Card,8.1,17,0,1,0
53.57,gas_transport,Walmart,Credit_Card,1.03,20,0,1,0
52.09,grocery_pos,Starbucks,Digital_Wallet,20.38,20,0,1,0
17.87,gas_transport,Amazon,Credit_Card,2.86,17,0,1,0
66.02,entertainment,Amazon,Credit_Card,14.21,21,0,1,0
66.93,grocery_pos,Amazon,Credit_Card,24.82,17,0,1,0
21.94,grocery_pos,Starbucks,Debit_Card,25.94,12,0,1,0
57.94,gas_transport,Walmart,Credit_Card,0.73,11,0,1,0
55.85,gas_transport,Amazon,Credit_Card,7.19,14,0,1,0
57.88,grocery_pos,Chevron,Digital_Wallet,24.75,16,0,1,0
405.24,travel,Chevron,Credit_Card,2844.93,4,1,1,1
5371.68,misc_net,Delta Air,Wire_Transfer,292.31,16,1,1,1
4270.89,misc_net,Steam,Wire_Transfer,219.49,11,1,1,1
65.03,grocery_pos,Chevron,Credit_Card,25.13,18,0,1,0
458.18,travel,Steam,Credit_Card,2283.55,10,1,1,1
10.46,gas_transport,Amazon,Credit_Card,16.69,19,0,1,0
12.93,grocery_pos,Starbucks,Debit_Card,23.43,15,0,1,0
40.65,entertainment,Walmart,Debit_Card,20.61,13,0,1,0
555.05,travel,Steam,Credit_Card,3567.32,23,1,1,1
5504.26,misc_net,Steam,Wire_Transfer,230.7,12,1,0,1
267.1,travel,Walmart,Credit_Card,1357.1,8,1,1,1
2541.11,misc_net,Steam,Wire_Transfer,482.18,9,1,1,1
-36.88,shopping_net,Walmart,Credit_Card,16.85,16,0,1,0
5669.53,misc_net,Delta Air,Wire_Transfer,370.44,15,1,0,1
28.72,grocery_pos,Starbucks,Credit_Card,4.9,13,0,1,0
6553.41,misc_net,Walmart,Wire_Transfer,394.91,15,1,0,1
73.41,travel,Walmart,Credit_Card,4379.14,14,1,1,1
1220.59,shopping_net,Steam,Digital_Wallet,23.37,1,0,0,1
0.33,entertainment,Walmart,Credit_Card,5.62,9,0,1,0
5061.31,misc_net,Amazon,Wire_Transfer,377.69,16,1,0,1
4632.19,misc_net,Walmart,Wire_Transfer,422.42,16,1,0,1
1108.9,shopping_net,Amazon,Digital_Wallet,8.01,0,0,0,1
3536.37,misc_net,Delta Air,Wire_Transfer,282.35,12,1,1,1
1542.33,shopping_net,Chevron,Digital_Wallet,29.84,1,0,1,1
15.24,gas_transport,Starbucks,Credit_Card,21.69,21,0,1,0
16.47,shopping_net,Walmart,Debit_Card,14.93,8,0,1,0
18.57,gas_transport,Chevron,Credit_Card,3.61,19,0,1,0
25.25,grocery_pos,Starbucks,Credit_Card,13.44,18,0,1,0
831.37,travel,Delta Air,Credit_Card,2760.81,16,1,1,1
57.42,gas_transport,Amazon,Credit_Card,13.65,14,0,1,0
59.1,entertainment,Amazon,Credit_Card,18.48,17,0,1,0
63.9,travel,Chevron,Credit_Card,28.24,15,0,1,0
27.47,gas_transport,Walmart,Debit_Card,2.77,20,0,1,0
1558.56,shopping_net,Amazon,Digital_Wallet,35.32,0,0,1,1
335.74,travel,Starbucks,Credit_Card,2014.01,20,1,1,1
5923.91,misc_net,Chevron,Wire_Transfer,132.73,9,1,0,1
495.11,travel,Delta Air,Credit_Card,3029.86,8,1,0,1
65.28,grocery_pos,Starbucks,Credit_Card,15.94,21,0,1,0
45.85,gas_transport,Amazon,Credit_Card,2.57,21,0,1,0
505.58,travel,Walmart,Credit_Card,4192.96,8,1,0,1
3150.94,misc_net,Delta Air,Wire_Transfer,178.41,9,1,1,1
56.77,gas_transport,Amazon,Credit_Card,4.89,12,0,1,0
72.85,gas_transport,Amazon,Credit_Card,2.98,17,0,1,0
25.05,gas_transport,Amazon,Credit_Card,23.19,16,0,1,0
20.82,travel,Walmart,Digital_Wallet,26.76,19,0,1,0
299.59,travel,Starbucks,Credit_Card,2646.53,7,1,0,1
-12.66,gas_transport,Starbucks,Credit_Card,28.02,12,0,1,0
361.57,travel,Starbucks,Credit_Card,4624.81,5,1,0,1
4702.42,misc_net,Chevron,Wire_Transfer,324.27,9,1,1,1
51.23,gas_transport,Amazon,Credit_Card,3.95,19,0,1,0
104.71,entertainment,Amazon,Credit_Card,2.74,9,0,1,0
1188.67,shopping_net,Delta Air,Digital_Wallet,28.62,2,0,1,1
322.77,travel,Amazon,Credit_Card,1645.6,4,1,1,1
472.97,travel,Starbucks,Credit_Card,938.64,6,1,1,1
5160.98,misc_net,Delta Air,Wire_Transfer,418.81,12,1,0,1
3891.5,misc_net,Amazon,Wire_Transfer,355.86,9,1,1,1
31.65,shopping_net,Walmart,Credit_Card,0.93,17,0,1,0
324.19,travel,Chevron,Credit_Card,3940.82,20,1,1,1
48.94,gas_transport,Starbucks,Debit_Card,1.03,17,0,1,0
331.83,travel,Walmart,Credit_Card,3852.16,1,1,0,1
18.67,misc_net,Walmart,Credit_Card,22.12,18,0,1,0
510.29,travel,Delta Air,Credit_Card,2074.68,20,1,0,1
360.49,travel,Walmart,Credit_Card,4115.2,5,1,0,1
273.3,travel,Walmart,Credit_Card,1783.69,15,1,1,1
915.02,shopping_net,Unknown_Foreign_Store,Digital_Wallet,5.55,2,0,1,1
55.87,gas_transport,Walmart,Digital_Wallet,26.66,13,0,1,0
856.24,shopping_net,Delta Air,Digital_Wallet,24.47,0,0,0,1
161.0,travel,Amazon,Credit_Card,4394.79,11,1,1,1
85.64,grocery_pos,Starbucks,Credit_Card,1.35,20,0,1,0
44.33,grocery_pos,Amazon,Debit_Card,20.46,10,0,1,0
53.69,misc_net,Amazon,Credit_Card,16.85,16,0,1,0
6487.28,misc_net,Delta Air,Wire_Transfer,132.95,9,1,0,1
4829.29,misc_net,Starbucks,Wire_Transfer,225.76,11,1,1,1
4230.84,misc_net,Amazon,Wire_Transfer,311.26,12,1,0,1
23.04,gas_transport,Walmart,Debit_Card,17.16,9,0,1,0
4549.33,misc_net,Chevron,Wire_Transfer,357.86,12,1,1,1
488.74,travel,Steam,Credit_Card,3455.63,22,1,1,1
435.85,travel,Amazon,Credit_Card,2107.72,16,1,1,1
82.8,entertainment,Chevron,Debit_Card,8.57,21,0,1,0
52.18,grocery_pos,Starbucks,Credit_Card,16.85,21,0,1,0
331.31,travel,Walmart,Credit_Card,4189.91,0,1,1,1
1281.99,shopping_net,Chevron,Digital_Wallet,25.85,23,0,1,1
25.28,grocery_pos,Starbucks,Credit_Card,9.21,17,0,1,0
6070.12,misc_net,Starbucks,Wire_Transfer,302.5,15,1,1,1
45.12,grocery_pos,Amazon,Debit_Card,15.52,16,0,1,0
350.74,travel,Steam,Credit_Card,719.76,8,1,0,1
906.23,shopping_net,Walmart,Digital_Wallet,27.09,23,0,1,1
6064.0,misc_net,Walmart,Wire_Transfer,134.51,14,1,1,1
74.46,gas_transport,Starbucks,Credit_Card,16.2,15,0,1,0
4665.31,misc_net,Chevron,Wire_Transfer,414.33,15,1,1,1
388.69,travel,Delta Air,Credit_Card,4711.16,5,1,0,1
377.02,travel,Steam,Credit_Card,4536.61,1,1,0,1
1347.4,shopping_net,Delta Air,Digital_Wallet,34.19,23,0,1,1
972.44,shopping_net,Chevron,Digital_Wallet,15.7,0,0,0,1
4537.61,misc_net,Walmart,Wire_Transfer,410.2,14,1,0,1
1368.6,shopping_net,Starbucks,Digital_Wallet,46.97,1,0,0,1
37.61,travel,Walmart,Digital_Wallet,3.3,16,0,1,0
38.75,shopping_net,Amazon,Debit_Card,6.72,19,0,1,0
289.9,travel,Delta Air,Credit_Card,4705.64,3,1,0,1
1357.07,shopping_net,Delta Air,Digital_Wallet,41.8,0,0,0,1
-4.75,gas_transport,Chevron,Debit_Card,10.97,10,0,1,0
32.2,grocery_pos,Starbucks,Credit_Card,22.12,20,0,1,0
48.27,gas_transport,Chevron,Credit_Card,13.57,8,0,1,0
36.92,gas_transport,Amazon,Credit_Card,21.15,11,0,1,0
372.89,travel,Amazon,Credit_Card,2995.8,23,1,0,1
1423.26,shopping_net,Walmart,Digital_Wallet,33.52,23,0,1,1
5346.62,misc_net,Delta Air,Wire_Transfer,494.53,16,1,0,1
863.26,shopping_net,Steam,Digital_Wallet,25.79,1,0,0,1
1087.06,shopping_net,Walmart,Digital_Wallet,38.63,0,0,0,1
28.38,entertainment,Starbucks,Credit_Card,29.71,10,0,1,0
71.61,misc_net,Amazon,Digital_Wallet,29.91,17,0,1,0
70.76,gas_transport,Amazon,Credit_Card,26.41,12,0,1,0
41.11,grocery_pos,Amazon,Credit_Card,12.21,9,0,1,0
43.99,travel,Walmart,Credit_Card,13.02,14,0,1,0
1208.75,shopping_net,Walmart,Digital_Wallet,23.39,1,0,1,1
1540.76,shopping_net,Steam,Digital_Wallet,15.32,2,0,0,1
5929.75,misc_net,Unknown_Foreign_Store,Wire_Transfer,237.56,13,1,0,1
56.18,misc_net,Starbucks,Debit_Card,18.44,8,0,1,0
696.38,shopping_net,Delta Air,Digital_Wallet,49.21,2,0,1,1
31.74,grocery_pos,Amazon,Credit_Card,16.27,19,0,1,0
5134.02,misc_net,Amazon,Wire_Transfer,471.92,12,1,0,1
25.85,grocery_pos,Chevron,Credit_Card,22.16,18,0,1,0
4187.94,misc_net,Amazon,Wire_Transfer,194.06,9,1,1,1
58.25,misc_net,Starbucks,Credit_Card,11.95,19,0,1,0
5837.46,misc_net,Steam,Wire_Transfer,423.41,11,1,0,1
38.37,misc_net,Starbucks,Credit_Card,13.0,20,0,1,0
5574.97,misc_net,Starbucks,Wire_Transfer,474.73,12,1,1,1
3859.39,misc_net,Starbucks,Wire_Transfer,454.18,11,1,0,1
1056.66,shopping_net,Chevron,Digital_Wallet,24.11,2,0,0,1
67.38,misc_net,Walmart,Credit_Card,14.24,20,0,1,0
305.86,travel,Starbucks,Credit_Card,935.65,8,1,1,1
-3.28,grocery_pos,Starbucks,Credit_Card,28.82,20,0,1,0
51.53,shopping_net,Starbucks,Credit_Card,21.93,18,0,1,0
38.22,misc_net,Amazon,Credit_Card,24.32,11,0,1,0
21.06,misc_net,Walmart,Credit_Card,3.0,10,0,1,0
350.39,travel,Steam,Credit_Card,665.57,12,1,1,1
419.11,travel,Amazon,Credit_Card,3847.97,20,1,1,1
25.82,grocery_pos,Walmart,Credit_Card,4.72,11,0,1,0
40.3,grocery_pos,Chevron,Credit_Card,17.44,11,0,1,0
6207.24,misc_net,Starbucks,Wire_Transfer,361.95,16,1,0,1
52.8,misc_net,Chevron,Credit_Card,13.89,21,0,1,0
58.91,misc_net,Amazon,Digital_Wallet,6.59,15,0,1,0
14.32,grocery_pos,Walmart,Debit_Card,2.19,10,0,1,0
315.38,travel,Delta Air,Credit_Card,3729.78,10,1,1,1
38.13,grocery_pos,Chevron,Digital_Wallet,17.95,14,0,1,0
30.12,travel,Chevron,Credit_Card,3.09,10,0,1,0
1014.92,shopping_net,Unknown_Foreign_Store,Digital_Wallet,5.33,1,0,1,1
47.27,travel,Chevron,Credit_Card,21.9,19,0,1,0
75.43,grocery_pos,Walmart,Digital_Wallet,29.22,9,0,1,0
438.56,travel,Delta Air,Credit_Card,4631.86,5,1,1,1
5503.67,misc_net,Unknown_Foreign_Store,Wire_Transfer,253.06,11,1,1,1
1038.72,shopping_net,Amazon,Digital_Wallet,13.33,23,0,1,1
1009.08,shopping_net,Starbucks,Digital_Wallet,21.98,0,0,0,1
43.14,misc_net,Amazon,Credit_Card,6.8,11,0,1,0
2709.9,misc_net,Starbucks,Wire_Transfer,306.71,12,1,1,1
540.6,travel,Chevron,Credit_Card,1276.64,20,1,1,1
1702.86,shopping_net,Chevron,Digital_Wallet,26.15,1,0,0,1
77.44,gas_transport,Walmart,Debit_Card,2.43,15,0,1,0
400.49,travel,Unknown_Foreign_Store,Credit_Card,2536.5,12,1,0,1
23.79,misc_net,Amazon,Credit_Card,27.16,16,0,1,0
56.56,gas_transport,Walmart,Debit_Card,12.84,10,0,1,0
452.96,travel,Steam,Credit_Card,4753.95,23,1,1,1
4405.92,misc_net,Amazon,Wire_Transfer,289.9,15,1,0,1
778.71,shopping_net,Starbucks,Digital_Wallet,7.91,1,0,0,1
811.08,shopping_net,Delta Air,Digital_Wallet,45.64,1,0,1,1
30.35,grocery_pos,Starbucks,Credit_Card,27.48,16,0,1,0
76.16,grocery_pos,Walmart,Debit_Card,27.32,14,0,1,0
549.32,travel,Walmart,Credit_Card,2272.7,17,1,0,1
559.33,travel,Steam,Credit_Card,4481.61,22,1,1,1
48.01,gas_transport,Amazon,Debit_Card,22.78,21,0,1,0
1233.51,shopping_net,Unknown_Foreign_Store,Digital_Wallet,36.54,2,0,0,1
58.29,gas_transport,Starbucks,Debit_Card,16.71,20,0,1,0
67.4,grocery_pos,Walmart,Credit_Card,3.99,11,0,1,0
4328.67,misc_net,Chevron,Wire_Transfer,191.25,13,1,1,1
43.81,grocery_pos,Chevron,Credit_Card,8.98,10,0,1,0
651.55,shopping_net,Starbucks,Digital_Wallet,10.3,23,0,1,1
1495.8,shopping_net,Starbucks,Digital_Wallet,5.05,0,0,1,1
5918.96,misc_net,Walmart,Wire_Transfer,262.34,15,1,1,1
1331.12,shopping_net,Amazon,Digital_Wallet,41.99,2,0,0,1
6164.48,misc_net,Chevron,Wire_Transfer,303.02,13,1,0,1
47.66,gas_transport,Walmart,Credit_Card,23.57,14,0,1,0
43.49,grocery_pos,Starbucks,Credit_Card,21.33,8,0,1,0
43.7,gas_transport,Chevron,Credit_Card,9.31,12,0,1,0
548.65,travel,Chevron,Credit_Card,4940.49,16,1,0,1
65.4,gas_transport,Amazon,Debit_Card,14.01,16,0,1,0
64.32,misc_net,Chevron,Credit_Card,14.95,9,0,1,0
4153.86,misc_net,Delta Air,Wire_Transfer,358.88,16,1,0,1
28.09,entertainment,Walmart,Debit_Card,29.19,21,0,1,0
4620.98,misc_net,Walmart,Wire_Transfer,221.72,13,1,1,1
551.25,travel,Chevron,Credit_Card,2021.5,20,1,0,1
73.25,gas_transport,Walmart,Credit_Card,10.49,19,0,1,0
466.62,travel,Unknown_Foreign_Store,Credit_Card,4471.49,7,1,0,1
4545.29,misc_net,Chevron,Wire_Transfer,302.27,11,1,1,1
5288.24,misc_net,Walmart,Wire_Transfer,347.65,12,1,0,1
46.42,gas_transport,Walmart,Debit_Card,16.63,9,0,1,0
55.2,gas_transport,Starbucks,Credit_Card,26.35,11,0,1,0
632.28,travel,Chevron,Credit_Card,1289.16,7,1,1,1
63.83,gas_transport,Starbucks,Credit_Card,8.86,14,0,1,0
47.18,entertainment,Amazon,Digital_Wallet,5.02,14,0,1,0
530.25,travel,Amazon,Credit_Card,600.65,12,1,1,1
499.13,travel,Steam,Credit_Card,4545.61,16,1,0,1
-19.43,grocery_pos,Chevron,Credit_Card,8.21,16,0,1,0
33.2,grocery_pos,Amazon,Debit_Card,8.51,19,0,1,0
6416.27,misc_net,Unknown_Foreign_Store,Wire_Transfer,492.52,9,1,1,1
476.0,travel,Unknown_Foreign_Store,Credit_Card,3722.62,14,1,1,1
898.79,shopping_net,Steam,Digital_Wallet,27.97,1,0,1,1
47.82,grocery_pos,Walmart,Digital_Wallet,5.2,19,0,1,0
1157.74,shopping_net,Chevron,Digital_Wallet,44.49,0,0,1,1
50.66,travel,Starbucks,Debit_Card,15.3,13,0,1,0
334.59,travel,Unknown_Foreign_Store,Credit_Card,2590.82,0,1,1,1
2855.62,misc_net,Amazon,Wire_Transfer,443.46,14,1,0,1
4143.9,misc_net,Chevron,Wire_Transfer,194.36,9,1,1,1
25.64,grocery_pos,Starbucks,Credit_Card,1.47,17,0,1,0
66.07,grocery_pos,Chevron,Debit_Card,22.73,11,0,1,0
1120.71,shopping_net,Starbucks,Digital_Wallet,21.72,2,0,1,1
2716.48,misc_net,Amazon,Wire_Transfer,489.72,16,1,1,1
71.36,grocery_pos,Chevron,Credit_Card,21.72,13,0,1,0
271.66,travel,Walmart,Credit_Card,4229.13,19,1,1,1
22.07,gas_transport,Amazon,Credit_Card,16.3,17,0,1,0
10.72,gas_transport,Amazon,Credit_Card,9.64,17,0,1,0
59.35,gas_transport,Starbucks,Credit_Card,28.3,14,0,1,0
49.98,grocery_pos,Chevron,Credit_Card,2.94,9,0,1,0
107.3,entertainment,Starbucks,Debit_Card,26.54,14,0,1,0
423.08,travel,Walmart,Credit_Card,561.26,4,1,0,1
1413.84,shopping_net,Walmart,Digital_Wallet,5.91,23,0,1,1
38.64,entertainment,Walmart,Credit_Card,24.03,10,0,1,0
48.15,travel,Chevron,Credit_Card,24.32,19,0,1,0
56.04,grocery_pos,Chevron,Credit_Card,13.38,10,0,1,0
341.88,travel,Starbucks,Credit_Card,4133.74,5,1,1,1
4781.8,misc_net,Delta Air,Wire_Transfer,361.22,9,1,1,1
404.71,travel,Starbucks,Credit_Card,1222.49,23,1,1,1
96.96,grocery_pos,Walmart,Debit_Card,11.8,21,0,1,0
25.18,grocery_pos,Walmart,Credit_Card,10.24,18,0,1,0
71.0,gas_transport,Walmart,Credit_Card,12.32,13,0,1,0
5180.05,misc_net,Chevron,Wire_Transfer,270.31,14,1,0,1
1469.95,shopping_net,Unknown_Foreign_Store,Digital_Wallet,49.27,1,0,1,1
1260.31,shopping_net,Chevron,Digital_Wallet,31.48,2,0,1,1
10.61,grocery_pos,Amazon,Credit_Card,12.08,18,0,1,0
50.36,travel,Walmart,Debit_Card,28.68,8,0,1,0
4620.94,misc_net,Unknown_Foreign_Store,Wire_Transfer,153.78,12,1,1,1
17.6,entertainment,Starbucks,Credit_Card,13.36,21,0,1,0
355.67,travel,Chevron,Credit_Card,1287.85,2,1,1,1
33.41,gas_transport,Amazon,Credit_Card,4.34,13,0,1,0
1283.67,shopping_net,Starbucks,Digital_Wallet,17.25,23,0,1,1
743.45,shopping_net,Chevron,Digital_Wallet,39.46,23,0,1,1
3792.4,misc_net,Walmart,Wire_Transfer,339.98,14,1,1,1
812.98,shopping_net,Steam,Digital_Wallet,48.32,1,0,1,1
108.21,entertainment,Amazon,Debit_Card,12.77,17,0,1,0
909.37,shopping_net,Unknown_Foreign_Store,Digital_Wallet,33.4,2,0,0,1
1391.79,shopping_net,Unknown_Foreign_Store,Digital_Wallet,47.68,2,0,0,1
-4.25,travel,Walmart,Credit_Card,25.07,13,0,1,0
466.09,travel,Steam,Credit_Card,3485.32,2,1,0,1
47.45,gas_transport,Chevron,Credit_Card,5.49,20,0,1,0
1005.95,shopping_net,Walmart,Digital_Wallet,16.27,2,0,0,1
6413.45,misc_net,Unknown_Foreign_Store,Wire_Transfer,297.83,11,1,0,1
5195.14,misc_net,Walmart,Wire_Transfer,216.74,10,1,1,1
6775.16,misc_net,Amazon,Wire_Transfer,183.78,11,1,1,1
17.33,grocery_pos,Starbucks,Credit_Card,13.92,9,0,1,0
66.93,travel,Amazon,Credit_Card,17.19,15,0,1,0
397.11,travel,Amazon,Credit_Card,2516.41,22,1,1,1
4411.89,misc_net,Amazon,Wire_Transfer,442.45,11,1,1,1
478.86,travel,Amazon,Credit_Card,1665.13,4,1,1,1
73.09,gas_transport,Amazon,Credit_Card,20.96,13,0,1,0
4332.57,misc_net,Amazon,Wire_Transfer,181.8,15,1,1,1
7080.31,misc_net,Chevron,Wire_Transfer,212.38,11,1,0,1
20.39,gas_transport,Amazon,Credit_Card,20.77,15,0,1,0
3953.14,misc_net,Unknown_Foreign_Store,Wire_Transfer,413.16,10,1,1,1
-1.17,entertainment,Walmart,Credit_Card,6.79,8,0,1,0
106.64,entertainment,Amazon,Credit_Card,28.14,16,0,1,0
187.45,travel,Unknown_Foreign_Store,Credit_Card,2865.87,18,1,1,1
1124.24,shopping_net,Steam,Digital_Wallet,18.18,23,0,1,1
401.28,travel,Chevron,Credit_Card,4469.52,20,1,0,1
-10.96,misc_net,Chevron,Credit_Card,6.56,17,0,1,0
6669.85,misc_net,Unknown_Foreign_Store,Wire_Transfer,296.85,13,1,1,1
69.43,misc_net,Chevron,Credit_Card,4.43,10,0,1,0
1607.92,shopping_net,Unknown_Foreign_Store,Digital_Wallet,35.32,1,0,1,1
14.38,misc_net,Starbucks,Credit_Card,2.93,21,0,1,0
30.73,travel,Amazon,Credit_Card,23.22,12,0,1,0
483.97,travel,Chevron,Credit_Card,4781.94,5,1,0,1
367.46,travel,Starbucks,Credit_Card,4553.93,11,1,1,1
5299.95,misc_net,Walmart,Wire_Transfer,449.34,15,1,0,1
64.33,gas_transport,Chevron,Debit_Card,4.95,18,0,1,0
778.02,travel,Starbucks,Credit_Card,3172.91,9,1,1,1
39.85,travel,Walmart,Credit_Card,21.57,13,0,1,0
5273.76,misc_net,Steam,Wire_Transfer,407.84,12,1,1,1
6198.71,misc_net,Delta Air,Wire_Transfer,491.53,16,1,1,1
12.18,grocery_pos,Chevron,Digital_Wallet,14.62,12,0,1,0
541.89,travel,Walmart,Credit_Card,1147.03,18,1,0,1
52.05,gas_transport,Amazon,Credit_Card,7.11,9,0,1,0
1236.77,shopping_net,Walmart,Digital_Wallet,21.85,0,0,1,1
40.29,travel,Chevron,Credit_Card,17.88,8,0,1,0
55.76,gas_transport,Amazon,Credit_Card,0.53,19,0,1,0
78.79,shopping_net,Starbucks,Credit_Card,22.08,18,0,1,0
1417.75,shopping_net,Chevron,Digital_Wallet,18.3,1,0,0,1
4886.02,misc_net,Starbucks,Wire_Transfer,260.66,13,1,1,1
46.78,grocery_pos,Walmart,Credit_Card,22.21,19,0,1,0
806.87,travel,Unknown_Foreign_Store,Credit_Card,4463.04,12,1,1,1
75.21,gas_transport,Chevron,Credit_Card,25.52,14,0,1,0
485.34,travel,Unknown_Foreign_Store,Credit_Card,671.9,4,1,0,1
385.86,travel,Unknown_Foreign_Store,Credit_Card,2794.0,12,1,1,1
16.19,entertainment,Amazon,Credit_Card,10.01,15,0,1,0
334.98,travel,Chevron,Credit_Card,4055.75,13,1,0,1
6148.73,misc_net,Delta Air,Wire_Transfer,254.19,9,1,1,1
52.63,grocery_pos,Walmart,Debit_Card,25.44,17,0,1,0
3233.39,misc_net,Unknown_Foreign_Store,Wire_Transfer,435.73,14,1,1,1
483.05,travel,Steam,Credit_Card,2864.17,4,1,0,1
29.62,gas_transport,Walmart,Digital_Wallet,26.2,13,0,1,0
54.14,gas_transport,Starbucks,Credit_Card,4.78,13,0,1,0
47.31,grocery_pos,Starbucks,Credit_Card,8.43,19,0,1,0
17.01,misc_net,Amazon,Debit_Card,12.35,12,0,1,0
430.77,travel,Starbucks,Credit_Card,2453.05,19,1,0,1
491.02,travel,Amazon,Credit_Card,4799.35,17,1,1,1
35.9,gas_transport,Chevron,Credit_Card,7.34,10,0,1,0
103.17,travel,Unknown_Foreign_Store,Credit_Card,4819.93,22,1,0,1
60.95,gas_transport,Starbucks,Debit_Card,15.07,16,0,1,0
461.55,travel,Amazon,Credit_Card,3011.46,12,1,0,1
4925.4,misc_net,Delta Air,Wire_Transfer,331.08,13,1,1,1
30.05,grocery_pos,Amazon,Credit_Card,27.24,19,0,1,0
41.19,travel,Walmart,Credit_Card,26.32,20,0,1,0
414.83,travel,Amazon,Credit_Card,2545.68,19,1,1,1
163.49,travel,Delta Air,Credit_Card,1468.71,20,1,0,1
85.26,grocery_pos,Walmart,Credit_Card,11.74,19,0,1,0
1233.44,shopping_net,Steam,Digital_Wallet,27.11,23,0,0,1
46.12,gas_transport,Chevron,Debit_Card,13.7,19,0,1,0
606.55,travel,Starbucks,Credit_Card,2422.2,8,1,1,1
1612.87,shopping_net,Chevron,Digital_Wallet,16.61,23,0,1,1
57.44,misc_net,Amazon,Debit_Card,3.25,16,0,1,0
1432.54,shopping_net,Amazon,Digital_Wallet,5.44,1,0,1,1
21.59,grocery_pos,Starbucks,Credit_Card,17.5,17,0,1,0
4915.38,misc_net,Walmart,Wire_Transfer,115.68,16,1,1,1
1458.41,shopping_net,Steam,Digital_Wallet,49.56,2,0,0,1
7333.02,misc_net,Amazon,Wire_Transfer,465.68,9,1,1,1
106.22,travel,Amazon,Credit_Card,3443.53,15,1,1,1
63.61,grocery_pos,Chevron,Credit_Card,1.61,21,0,1,0
53.34,grocery_pos,Amazon,Digital_Wallet,19.94,16,0,1,0
916.89,shopping_net,Unknown_Foreign_Store,Digital_Wallet,47.38,23,0,0,1
57.4,entertainment,Starbucks,Debit_Card,2.9,12,0,1,0
30.99,entertainment,Starbucks,Credit_Card,24.15,10,0,1,0
708.5,shopping_net,Unknown_Foreign_Store,Digital_Wallet,8.09,1,0,0,1
29.08,grocery_pos,Starbucks,Credit_Card,17.51,20,0,1,0
173.45,travel,Starbucks,Credit_Card,2803.97,3,1,1,1
38.16,gas_transport,Amazon,Credit_Card,20.51,15,0,1,0
72.35,misc_net,Amazon,Credit_Card,3.82,18,0,1,0
6070.35,misc_net,Unknown_Foreign_Store,Wire_Transfer,387.13,14,1,1,1
10.39,grocery_pos,Starbucks,Debit_Card,12.42,20,0,1,0
60.74,gas_transport,Amazon,Credit_Card,12.02,11,0,1,0
13.11,misc_net,Walmart,Credit_Card,12.7,8,0,1,0
41.8,gas_transport,Walmart,Debit_Card,24.34,14,0,1,0
3718.42,misc_net,Starbucks,Wire_Transfer,175.91,16,1,1,1
1107.15,shopping_net,Amazon,Digital_Wallet,24.89,0,0,1,1
47.06,grocery_pos,Walmart,Credit_Card,25.08,11,0,1,0
39.89,grocery_pos,Amazon,Debit_Card,11.63,21,0,1,0
1370.16,shopping_net,Delta Air,Digital_Wallet,9.84,1,0,1,1
63.73,travel,Amazon,Debit_Card,21.21,16,0,1,0
697.24,travel,Unknown_Foreign_Store,Credit_Card,1838.81,3,1,1,1
4939.13,misc_net,Unknown_Foreign_Store,Wire_Transfer,395.82,12,1,1,1
27.65,grocery_pos,Starbucks,Credit_Card,2.16,13,0,1,0
38.51,gas_transport,Walmart,Credit_Card,3.87,14,0,1,0
31.98,grocery_pos,Chevron,Debit_Card,17.72,15,0,1,0
59.61,gas_transport,Walmart,Credit_Card,9.81,17,0,1,0
454.81,travel,Starbucks,Credit_Card,2462.26,13,1,0,1
40.6,gas_transport,Walmart,Debit_Card,0.59,20,0,1,0
6492.83,misc_net,Chevron,Wire_Transfer,364.68,12,1,1,1
80.1,entertainment,Amazon,Digital_Wallet,8.37,9,0,1,0
-3.8,travel,Amazon,Credit_Card,5.44,16,0,1,0
2.79,grocery_pos,Walmart,Credit_Card,11.06,14,0,1,0
46.99,entertainment,Walmart,Credit_Card,25.3,13,0,1,0
5513.15,misc_net,Steam,Wire_Transfer,100.73,13,1,1,1
1454.13,shopping_net,Unknown_Foreign_Store,Digital_Wallet,16.73,0,0,1,1
51.81,grocery_pos,Amazon,Credit_Card,1.52,12,0,1,0
1460.12,shopping_net,Steam,Digital_Wallet,32.88,23,0,0,1
468.5,travel,Chevron,Credit_Card,4369.44,10,1,0,1
196.0,travel,Delta Air,Credit_Card,4523.48,14,1,1,1
393.63,travel,Walmart,Credit_Card,2156.68,15,1,0,1
19.96,gas_transport,Starbucks,Credit_Card,17.89,13,0,1,0
38.58,entertainment,Walmart,Credit_Card,23.41,18,0,1,0
929.76,shopping_net,Amazon,Digital_Wallet,23.22,1,0,1,1
621.99,shopping_net,Chevron,Digital_Wallet,19.48,1,0,0,1
5378.81,misc_net,Walmart,Wire_Transfer,414.04,15,1,1,1
554.5,travel,Amazon,Credit_Card,2209.74,17,1,1,1
7258.46,misc_net,Starbucks,Wire_Transfer,145.38,12,1,0,1
13.75,travel,Starbucks,Credit_Card,18.76,8,0,1,0
78.44,entertainment,Starbucks,Digital_Wallet,19.07,16,0,1,0
44.02,misc_net,Walmart,Digital_Wallet,4.5,21,0,1,0
40.92,grocery_pos,Walmart,Digital_Wallet,29.87,12,0,1,0
20.04,shopping_net,Amazon,Credit_Card,8.18,10,0,1,0
7.21,grocery_pos,Amazon,Credit_Card,18.94,19,0,1,0
4104.05,misc_net,Amazon,Wire_Transfer,437.05,16,1,0,1
55.21,shopping_net,Starbucks,Debit_Card,6.23,21,0,1,0
39.18,gas_transport,Amazon,Debit_Card,4.54,14,0,1,0
1064.76,shopping_net,Steam,Digital_Wallet,16.34,0,0,0,1
1585.12,shopping_net,Delta Air,Digital_Wallet,24.23,1,0,0,1
1204.4,shopping_net,Chevron,Digital_Wallet,21.56,23,0,1,1
28.48,misc_net,Starbucks,Credit_Card,15.65,13,0,1,0
377.6,travel,Starbucks,Credit_Card,500.88,17,1,0,1
4752.39,misc_net,Delta Air,Wire_Transfer,454.76,11,1,1,1
1359.14,shopping_net,Walmart,Digital_Wallet,24.97,1,0,0,1
450.27,travel,Unknown_Foreign_Store,Credit_Card,4443.7,14,1,0,1
65.21,shopping_net,Walmart,Debit_Card,21.39,9,0,1,0
576.45,travel,Amazon,Credit_Card,2710.12,12,1,0,1
49.66,gas_transport,Chevron,Credit_Card,16.4,17,0,1,0
385.49,travel,Steam,Credit_Card,4907.49,7,1,1,1
51.87,grocery_pos,Walmart,Credit_Card,6.97,19,0,1,0
1042.96,shopping_net,Amazon,Digital_Wallet,15.33,2,0,0,1
5859.0,misc_net,Chevron,Wire_Transfer,489.35,15,1,0,1
1330.14,shopping_net,Unknown_Foreign_Store,Digital_Wallet,30.23,23,0,1,1
19.05,grocery_pos,Chevron,Credit_Card,13.54,10,0,1,0
6.49,misc_net,Starbucks,Debit_Card,28.99,19,0,1,0
78.67,grocery_pos,Amazon,Credit_Card,13.6,21,0,1,0
1259.31,shopping_net,Chevron,Digital_Wallet,8.53,0,0,1,1
5021.43,misc_net,Steam,Wire_Transfer,255.35,15,1,1,1
45.83,shopping_net,Walmart,Credit_Card,27.07,18,0,1,0
63.49,gas_transport,Chevron,Credit_Card,3.61,16,0,1,0
269.31,travel,Chevron,Credit_Card,3166.0,4,1,0,1
20.69,gas_transport,Starbucks,Credit_Card,24.41,11,0,1,0
27.39,gas_transport,Walmart,Credit_Card,27.84,15,0,1,0
2672.39,misc_net,Starbucks,Wire_Transfer,192.0,15,1,1,1
1463.03,shopping_net,Walmart,Digital_Wallet,35.04,2,0,0,1
101.99,grocery_pos,Walmart,Credit_Card,27.91,12,0,1,0
1.95,travel,Walmart,Credit_Card,1.66,10,0,1,0
70.3,travel,Amazon,Credit_Card,25.01,13,0,1,0
41.04,shopping_net,Amazon,Credit_Card,8.6,11,0,1,0
1726.66,shopping_net,Amazon,Digital_Wallet,32.41,23,0,1,1
6424.45,misc_net,Amazon,Wire_Transfer,407.61,15,1,1,1
49.64,gas_transport,Starbucks,Credit_Card,3.4,21,0,1,0
53.68,gas_transport,Amazon,Debit_Card,4.66,21,0,1,0
1666.21,shopping_net,Chevron,Digital_Wallet,29.8,2,0,1,1
5588.24,misc_net,Walmart,Wire_Transfer,320.71,15,1,0,1
31.07,travel,Amazon,Credit_Card,10.03,17,0,1,0
1734.46,shopping_net,Unknown_Foreign_Store,Digital_Wallet,19.81,0,0,0,1
52.26,travel,Starbucks,Debit_Card,21.52,17,0,1,0
5222.06,misc_net,Walmart,Wire_Transfer,370.46,9,1,0,1
1821.08,shopping_net,Delta Air,Digital_Wallet,17.33,0,0,0,1
40.72,travel,Walmart,Credit_Card,15.76,17,0,1,0
43.61,gas_transport,Amazon,Debit_Card,25.56,18,0,1,0
371.14,travel,Amazon,Credit_Card,2145.39,22,1,1,1
486.22,travel,Delta Air,Credit_Card,907.19,14,1,0,1
4531.85,misc_net,Steam,Wire_Transfer,369.03,13,1,0,1
933.22,shopping_net,Amazon,Digital_Wallet,14.13,0,0,1,1
29.09,travel,Starbucks,Digital_Wallet,1.45,21,0,1,0
4927.67,misc_net,Starbucks,Wire_Transfer,395.09,15,1,0,1
64.33,gas_transport,Amazon,Credit_Card,13.94,15,0,1,0
54.41,gas_transport,Starbucks,Debit_Card,5.04,14,0,1,0
4335.44,misc_net,Delta Air,Wire_Transfer,206.46,10,1,1,1
5791.49,misc_net,Chevron,Wire_Transfer,270.87,13,1,0,1
373.47,travel,Delta Air,Credit_Card,2939.88,0,1,1,1
3913.89,misc_net,Unknown_Foreign_Store,Wire_Transfer,416.83,9,1,1,1
4976.86,misc_net,Starbucks,Wire_Transfer,118.39,16,1,1,1
289.75,travel,Amazon,Credit_Card,1058.44,22,1,1,1
44.78,misc_net,Starbucks,Credit_Card,8.9,16,0,1,0
166.52,travel,Steam,Credit_Card,2439.57,4,1,0,1
494.98,travel,Unknown_Foreign_Store,Credit_Card,4882.28,17,1,0,1
107.56,travel,Walmart,Credit_Card,1650.39,17,1,1,1
58.11,shopping_net,Starbucks,Credit_Card,7.74,16,0,1,0
4588.13,misc_net,Unknown_Foreign_Store,Wire_Transfer,404.33,11,1,0,1
27.02,shopping_net,Walmart,Credit_Card,21.05,14,0,1,0
28.62,misc_net,Starbucks,Digital_Wallet,15.31,8,0,1,0
67.24,travel,Chevron,Credit_Card,4.49,14,0,1,0
20.82,entertainment,Chevron,Credit_Card,11.66,14,0,1,0
5025.12,misc_net,Delta Air,Wire_Transfer,478.48,10,1,1,1
1313.49,shopping_net,Walmart,Digital_Wallet,29.89,23,0,0,1
5018.0,misc_net,Chevron,Wire_Transfer,359.59,9,1,0,1
3203.01,misc_net,Chevron,Wire_Transfer,343.09,9,1,0,1
24.58,entertainment,Walmart,Debit_Card,11.27,16,0,1,0
269.12,travel,Steam,Credit_Card,2245.55,3,1,1,1
1711.21,shopping_net,Walmart,Digital_Wallet,13.15,2,0,0,1
26.78,misc_net,Starbucks,Digital_Wallet,26.2,17,0,1,0
43.57,shopping_net,Chevron,Debit_Card,4.03,11,0,1,0
777.47,shopping_net,Steam,Digital_Wallet,15.47,23,0,1,1
28.43,gas_transport,Chevron,Debit_Card,29.24,18,0,1,0
58.97,grocery_pos,Amazon,Credit_Card,19.01,12,0,1,0
11.3,shopping_net,Amazon,Debit_Card,2.06,15,0,1,0
5033.96,misc_net,Unknown_Foreign_Store,Wire_Transfer,391.13,15,1,1,1
358.3,travel,Steam,Credit_Card,3425.64,23,1,0,1
40.83,entertainment,Walmart,Debit_Card,18.61,19,0,1,0
54.06,shopping_net,Starbucks,Credit_Card,2.48,9,0,1,0
543.69,travel,Walmart,Credit_Card,3465.78,20,1,1,1
5639.34,misc_net,Chevron,Wire_Transfer,369.34,10,1,1,1
1343.86,shopping_net,Delta Air,Digital_Wallet,20.76,1,0,1,1
540.61,travel,Unknown_Foreign_Store,Credit_Card,4360.84,7,1,0,1
1607.02,shopping_net,Starbucks,Digital_Wallet,38.71,2,0,0,1
413.66,travel,Amazon,Credit_Card,1315.6,16,1,0,1
45.49,grocery_pos,Walmart,Credit_Card,10.3,16,0,1,0
1151.13,shopping_net,Steam,Digital_Wallet,11.56,23,0,1,1
87.75,travel,Walmart,Credit_Card,716.11,19,1,1,1
44.54,gas_transport,Amazon,Debit_Card,25.09,10,0,1,0
32.92,gas_transport,Chevron,Digital_Wallet,0.81,11,0,1,0
553.21,travel,Unknown_Foreign_Store,Credit_Card,1348.35,14,1,1,1
1216.99,shopping_net,Amazon,Digital_Wallet,16.93,1,0,1,1
7008.51,misc_net,Amazon,Wire_Transfer,347.56,16,1,0,1
1251.02,shopping_net,Walmart,Digital_Wallet,20.68,0,0,0,1
22.74,shopping_net,Walmart,Credit_Card,28.9,13,0,1,0
30.13,gas_transport,Amazon,Credit_Card,23.28,17,0,1,0
31.3,entertainment,Amazon,Digital_Wallet,28.87,20,0,1,0
1.0,travel,Steam,Credit_Card,1285.87,22,1,1,1
1024.88,shopping_net,Walmart,Digital_Wallet,19.82,23,0,1,1
1338.62,shopping_net,Walmart,Digital_Wallet,47.32,23,0,0,1
46.01,misc_net,Chevron,Debit_Card,16.92,18,0,1,0
66.84,grocery_pos,Amazon,Credit_Card,15.77,15,0,1,0
351.86,travel,Starbucks,Credit_Card,1627.9,15,1,0,1
4086.54,misc_net,Chevron,Wire_Transfer,100.8,15,1,1,1
421.13,travel,Amazon,Credit_Card,2044.62,12,1,1,1
4678.85,misc_net,Delta Air,Wire_Transfer,383.87,10,1,1,1
77.58,gas_transport,Walmart,Debit_Card,21.63,9,0,1,0
32.35,gas_transport,Starbucks,Credit_Card,8.01,14,0,1,0
344.68,travel,Delta Air,Credit_Card,1961.99,23,1,0,1
72.11,entertainment,Starbucks,Credit_Card,28.74,10,0,1,0
2.29,entertainment,Amazon,Credit_Card,23.59,19,0,1,0
61.59,gas_transport,Chevron,Credit_Card,26.25,15,0,1,0
89.22,entertainment,Chevron,Credit_Card,26.12,18,0,1,0
46.4,gas_transport,Chevron,Credit_Card,29.0,15,0,1,0
6969.45,misc_net,Starbucks,Wire_Transfer,236.13,10,1,1,1
4768.12,misc_net,Chevron,Wire_Transfer,229.53,16,1,0,1
1253.95,shopping_net,Unknown_Foreign_Store,Digital_Wallet,7.12,23,0,0,1
1165.08,shopping_net,Amazon,Digital_Wallet,22.43,1,0,0,1
40.71,gas_transport,Walmart,Debit_Card,9.26,12,0,1,0
22.75,gas_transport,Starbucks,Credit_Card,1.12,15,0,1,0
1237.46,shopping_net,Starbucks,Digital_Wallet,24.31,0,0,0,1
4958.34,misc_net,Amazon,Wire_Transfer,294.3,16,1,0,1
43.26,travel,Chevron,Credit_Card,16.06,18,0,1,0
1344.15,shopping_net,Chevron,Digital_Wallet,36.89,1,0,1,1
447.3,travel,Walmart,Credit_Card,3065.81,3,1,0,1
25.63,grocery_pos,Starbucks,Credit_Card,4.23,19,0,1,0
51.91,grocery_pos,Walmart,Credit_Card,19.09,21,0,1,0
464.61,travel,Walmart,Credit_Card,3324.31,1,1,1,1
76.39,grocery_pos,Amazon,Credit_Card,13.02,10,0,1,0
31.6,travel,Walmart,Credit_Card,7.74,15,0,1,0
73.39,entertainment,Starbucks,Digital_Wallet,3.36,10,0,1,0
1743.26,shopping_net,Chevron,Digital_Wallet,19.53,2,0,1,1
28.68,entertainment,Walmart,Digital_Wallet,21.8,18,0,1,0
70.69,gas_transport,Starbucks,Credit_Card,19.04,17,0,1,0
4137.12,misc_net,Amazon,Wire_Transfer,223.68,12,1,1,1
1066.67,shopping_net,Walmart,Digital_Wallet,48.62,0,0,1,1
53.15,shopping_net,Walmart,Digital_Wallet,18.93,18,0,1,0
60.68,grocery_pos,Walmart,Credit_Card,24.08,12,0,1,0
260.69,travel,Steam,Credit_Card,4124.11,16,1,1,1
5824.52,misc_net,Walmart,Wire_Transfer,202.83,11,1,0,1
5791.21,misc_net,Amazon,Wire_Transfer,109.83,14,1,1,1
377.1,travel,Steam,Credit_Card,2090.29,12,1,1,1
35.06,grocery_pos,Chevron,Credit_Card,23.51,21,0,1,0
214.47,travel,Chevron,Credit_Card,1815.68,12,1,1,1
49.41,grocery_pos,Walmart,Digital_Wallet,4.71,10,0,1,0
248.63,travel,Unknown_Foreign_Store,Credit_Card,1245.04,0,1,1,1
1403.86,shopping_net,Starbucks,Digital_Wallet,36.58,23,0,1,1
28.35,gas_transport,Starbucks,Credit_Card,5.04,13,0,1,0
519.22,travel,Delta Air,Credit_Card,4031.21,16,1,0,1
4727.62,misc_net,Walmart,Wire_Transfer,134.6,16,1,0,1
68.51,grocery_pos,Walmart,Digital_Wallet,14.86,15,0,1,0
262.74,travel,Chevron,Credit_Card,4765.33,12,1,0,1
214.25,travel,Steam,Credit_Card,1366.33,8,1,1,1
3932.64,misc_net,Walmart,Wire_Transfer,419.84,10,1,1,1
1698.83,shopping_net,Delta Air,Digital_Wallet,26.44,2,0,0,1
32.89,misc_net,Walmart,Credit_Card,13.25,12,0,1,0
67.92,grocery_pos,Amazon,Debit_Card,26.85,12,0,1,0
47.58,misc_net,Amazon,Debit_Card,28.2,20,0,1,0
432.6,travel,Starbucks,Credit_Card,3581.02,23,1,1,1
414.61,travel,Amazon,Credit_Card,2398.23,20,1,0,1
48.89,grocery_pos,Amazon,Credit_Card,9.44,9,0,1,0
1025.26,shopping_net,Starbucks,Digital_Wallet,25.11,23,0,0,1
11.96,travel,Walmart,Debit_Card,1.19,13,0,1,0
55.68,entertainment,Starbucks,Credit_Card,5.32,10,0,1,0
44.28,travel,Amazon,Credit_Card,2.58,17,0,1,0
417.88,travel,Amazon,Credit_Card,3196.57,20,1,0,1
211.34,travel,Amazon,Credit_Card,2191.82,2,1,0,1
1091.48,shopping_net,Amazon,Digital_Wallet,27.34,1,0,0,1
1238.27,shopping_net,Starbucks,Digital_Wallet,5.57,2,0,0,1
74.87,grocery_pos,Starbucks,Credit_Card,19.83,8,0,1,0
64.64,travel,Amazon,Credit_Card,8.5,12,0,1,0
1736.91,shopping_net,Walmart,Digital_Wallet,31.6,0,0,0,1
4358.97,misc_net,Starbucks,Wire_Transfer,266.02,10,1,1,1
33.51,gas_transport,Starbucks,Digital_Wallet,13.22,9,0,1,0
27.04,misc_net,Chevron,Debit_Card,24.38,10,0,1,0
207.35,travel,Starbucks,Credit_Card,948.48,13,1,0,1
40.62,entertainment,Starbucks,Debit_Card,16.37,8,0,1,0
4103.53,misc_net,Walmart,Wire_Transfer,379.13,16,1,0,1
41.9,gas_transport,Walmart,Debit_Card,8.83,16,0,1,0
219.24,travel,Unknown_Foreign_Store,Credit_Card,2948.06,12,1,0,1
3565.78,misc_net,Unknown_Foreign_Store,Wire_Transfer,489.72,16,1,1,1
1259.22,shopping_net,Chevron,Digital_Wallet,15.91,23,0,0,1
12.89,entertainment,Walmart,Credit_Card,20.34,16,0,1,0
80.38,gas_transport,Walmart,Credit_Card,17.19,13,0,1,0
273.49,travel,Delta Air,Credit_Card,2206.09,12,1,1,1
58.56,shopping_net,Amazon,Credit_Card,19.8,17,0,1,0
27.51,misc_net,Starbucks,Credit_Card,0.58,11,0,1,0
42.83,grocery_pos,Chevron,Credit_Card,28.7,9,0,1,0
62.13,misc_net,Starbucks,Debit_Card,8.83,14,0,1,0
38.2,misc_net,Chevron,Debit_Card,9.74,21,0,1,0
1693.75,shopping_net,Delta Air,Digital_Wallet,6.62,2,0,1,1
498.23,shopping_net,Amazon,Digital_Wallet,36.17,2,0,0,1
93.77,grocery_pos,Chevron,Credit_Card,3.64,15,0,1,0
34.68,entertainment,Amazon,Debit_Card,27.17,11,0,1,0
5527.84,misc_net,Walmart,Wire_Transfer,166.88,14,1,1,1
55.12,grocery_pos,Walmart,Credit_Card,12.41,12,0,1,0
56.76,shopping_net,Amazon,Debit_Card,25.42,18,0,1,0
13.88,grocery_pos,Starbucks,Credit_Card,2.44,19,0,1,0
1057.89,shopping_net,Walmart,Digital_Wallet,12.83,2,0,1,1
3132.96,misc_net,Unknown_Foreign_Store,Wire_Transfer,194.52,12,1,1,1
52.7,grocery_pos,Chevron,Digital_Wallet,28.89,16,0,1,0
1467.92,shopping_net,Unknown_Foreign_Store,Digital_Wallet,28.41,23,0,0,1
1297.99,shopping_net,Unknown_Foreign_Store,Digital_Wallet,16.47,23,0,1,1
40.14,grocery_pos,Amazon,Debit_Card,10.1,15,0,1,0
36.72,travel,Amazon,Credit_Card,2.88,11,0,1,0
156.25,travel,Starbucks,Credit_Card,3632.98,4,1,1,1
5604.18,misc_net,Steam,Wire_Transfer,342.73,16,1,0,1
49.49,grocery_pos,Starbucks,Credit_Card,25.73,17,0,1,0
4523.99,misc_net,Steam,Wire_Transfer,119.4,16,1,1,1
1528.4,shopping_net,Unknown_Foreign_Store,Digital_Wallet,23.67,0,0,0,1
81.17,entertainment,Walmart,Credit_Card,13.09,19,0,1,0
4885.18,misc_net,Chevron,Wire_Transfer,413.78,10,1,1,1
909.87,shopping_net,Walmart,Digital_Wallet,36.09,1,0,1,1
1070.92,shopping_net,Delta Air,Digital_Wallet,18.91,2,0,1,1
305.94,travel,Unknown_Foreign_Store,Credit_Card,2852.12,22,1,0,1
682.83,shopping_net,Walmart,Digital_Wallet,37.7,1,0,0,1
24.37,grocery_pos,Amazon,Credit_Card,2.59,15,0,1,0
82.43,grocery_pos,Walmart,Debit_Card,17.72,18,0,1,0
334.82,travel,Unknown_Foreign_Store,Credit_Card,2772.32,21,1,0,1
1045.72,shopping_net,Delta Air,Digital_Wallet,7.84,23,0,0,1
48.28,grocery_pos,Chevron,Credit_Card,21.75,8,0,1,0
438.24,travel,Chevron,Credit_Card,3526.16,17,1,0,1
53.32,gas_transport,Chevron,Digital_Wallet,7.85,20,0,1,0
33.86,gas_transport,Chevron,Credit_Card,29.68,12,0,1,0
494.91,travel,Delta Air,Credit_Card,1143.5,1,1,1,1
-11.95,misc_net,Starbucks,Credit_Card,12.61,11,0,1,0
40.86,travel,Chevron,Credit_Card,28.26,20,0,1,0
1399.81,shopping_net,Steam,Digital_Wallet,46.65,23,0,0,1
47.53,misc_net,Chevron,Debit_Card,19.62,19,0,1,0
26.9,gas_transport,Chevron,Credit_Card,8.91,16,0,1,0
4944.21,misc_net,Chevron,Wire_Transfer,463.79,11,1,1,1
409.19,travel,Steam,Credit_Card,2986.56,5,1,0,1
4952.17,misc_net,Steam,Wire_Transfer,317.06,9,1,0,1
65.79,gas_transport,Chevron,Credit_Card,15.61,16,0,1,0
113.77,travel,Starbucks,Credit_Card,5.97,15,0,1,0
18.75,grocery_pos,Amazon,Credit_Card,22.78,20,0,1,0
35.08,entertainment,Amazon,Credit_Card,11.15,13,0,1,0
4614.15,misc_net,Chevron,Wire_Transfer,463.09,13,1,0,1
43.33,entertainment,Chevron,Digital_Wallet,23.31,18,0,1,0
562.63,travel,Steam,Credit_Card,966.15,14,1,0,1
5866.82,misc_net,Chevron,Wire_Transfer,444.71,13,1,1,1
567.28,travel,Chevron,Credit_Card,2242.53,19,1,0,1
337.68,travel,Walmart,Credit_Card,1896.07,21,1,1,1
62.01,gas_transport,Walmart,Digital_Wallet,15.06,10,0,1,0
377.86,travel,Unknown_Foreign_Store,Credit_Card,1308.86,3,1,1,1
4746.07,misc_net,Delta Air,Wire_Transfer,314.92,15,1,1,1
47.02,entertainment,Starbucks,Debit_Card,27.23,9,0,1,0
4223.72,misc_net,Starbucks,Wire_Transfer,434.01,10,1,1,1
25.1,shopping_net,Walmart,Digital_Wallet,11.3,8,0,1,0
1159.09,shopping_net,Starbucks,Digital_Wallet,21.93,1,0,1,1
76.4,grocery_pos,Starbucks,Digital_Wallet,0.85,17,0,1,0
56.43,grocery_pos,Chevron,Debit_Card,2.25,19,0,1,0
32.17,gas_transport,Walmart,Credit_Card,12.41,11,0,1,0
500.28,travel,Chevron,Credit_Card,4975.94,19,1,1,1
18.48,gas_transport,Walmart,Credit_Card,20.03,15,0,1,0
420.1,travel,Unknown_Foreign_Store,Credit_Card,1939.33,3,1,1,1
908.74,shopping_net,Starbucks,Digital_Wallet,13.28,1,0,1,1
54.17,grocery_pos,Starbucks,Digital_Wallet,10.67,11,0,1,0
12.3,grocery_pos,Walmart,Credit_Card,18.82,11,0,1,0
3753.47,misc_net,Walmart,Wire_Transfer,305.71,16,1,1,1
11.04,gas_transport,Starbucks,Credit_Card,11.06,18,0,1,0
678.78,shopping_net,Chevron,Digital_Wallet,49.39,23,0,1,1
95.96,travel,Walmart,Credit_Card,3.56,8,0,1,0
324.31,travel,Steam,Credit_Card,2465.32,9,1,1,1
39.17,gas_transport,Walmart,Credit_Card,28.81,11,0,1,0
5210.64,misc_net,Delta Air,Wire_Transfer,242.25,16,1,1,1
1420.62,shopping_net,Starbucks,Digital_Wallet,21.73,23,0,1,1
843.09,shopping_net,Walmart,Digital_Wallet,39.22,23,0,0,1
13.88,gas_transport,Walmart,Debit_Card,3.21,21,0,1,0
752.98,shopping_net,Steam,Digital_Wallet,30.28,0,0,1,1
39.05,grocery_pos,Walmart,Credit_Card,3.23,15,0,1,0
74.79,shopping_net,Walmart,Credit_Card,22.29,11,0,1,0
0.7,grocery_pos,Starbucks,Credit_Card,20.71,16,0,1,0
326.56,travel,Starbucks,Credit_Card,2421.3,9,1,1,1
47.3,gas_transport,Starbucks,Credit_Card,23.55,10,0,1,0
321.65,travel,Delta Air,Credit_Card,1029.41,15,1,0,1
45.4,gas_transport,Chevron,Credit_Card,14.77,11,0,1,0
525.54,travel,Walmart,Credit_Card,4870.27,13,1,1,1
1195.83,shopping_net,Chevron,Digital_Wallet,30.84,2,0,1,1
62.59,grocery_pos,Walmart,Credit_Card,26.66,16,0,1,0
194.04,travel,Steam,Credit_Card,1873.53,23,1,1,1
433.78,travel,Starbucks,Credit_Card,1713.36,7,1,0,1
49.97,shopping_net,Amazon,Credit_Card,3.47,12,0,1,0
54.3,misc_net,Starbucks,Credit_Card,8.92,14,0,1,0
19.98,entertainment,Walmart,Digital_Wallet,14.37,16,0,1,0
1163.2,shopping_net,Chevron,Digital_Wallet,15.6,2,0,1,1
192.43,travel,Amazon,Credit_Card,713.72,0,1,0,1
51.69,gas_transport,Chevron,Debit_Card,22.7,14,0,1,0
438.68,travel,Walmart,Credit_Card,3448.71,11,1,1,1
5.18,travel,Chevron,Credit_Card,24.56,19,0,1,0
5560.58,misc_net,Chevron,Wire_Transfer,292.76,15,1,0,1
1057.67,shopping_net,Delta Air,Digital_Wallet,24.9,23,0,0,1
1156.34,shopping_net,Steam,Digital_Wallet,43.78,23,0,1,1
5024.64,misc_net,Steam,Wire_Transfer,357.47,9,1,1,1
63.03,gas_transport,Amazon,Digital_Wallet,15.84,17,0,1,0
19.81,shopping_net,Chevron,Credit_Card,6.5,17,0,1,0
1039.33,shopping_net,Amazon,Digital_Wallet,44.87,2,0,0,1
1080.09,shopping_net,Unknown_Foreign_Store,Digital_Wallet,34.02,0,0,1,1
967.39,shopping_net,Amazon,Digital_Wallet,29.2,1,0,0,1
65.86,shopping_net,Walmart,Credit_Card,11.76,21,0,1,0
44.14,misc_net,Amazon,Credit_Card,24.77,12,0,1,0
53.74,gas_transport,Amazon,Credit_Card,17.74,16,0,1,0
1632.3,shopping_net,Unknown_Foreign_Store,Digital_Wallet,12.28,23,0,1,1
19.4,gas_transport,Chevron,Credit_Card,20.73,21,0,1,0
78.39,grocery_pos,Starbucks,Credit_Card,25.57,8,0,1,0
31.0,gas_transport,Amazon,Debit_Card,18.87,21,0,1,0
19.81,entertainment,Starbucks,Credit_Card,15.03,12,0,1,0
30.17,misc_net,Starbucks,Debit_Card,27.7,8,0,1,0
46.7,gas_transport,Starbucks,Credit_Card,19.67,11,0,1,0
27.41,misc_net,Starbucks,Credit_Card,14.56,10,0,1,0
83.49,gas_transport,Amazon,Credit_Card,24.4,13,0,1,0
6372.5,misc_net,Amazon,Wire_Transfer,297.95,10,1,1,1
26.49,gas_transport,Walmart,Credit_Card,6.97,20,0,1,0
428.5,travel,Walmart,Credit_Card,3376.41,18,1,1,1
4562.18,misc_net,Delta Air,Wire_Transfer,224.84,16,1,1,1
52.87,entertainment,Chevron,Credit_Card,12.53,21,0,1,0
54.34,gas_transport,Walmart,Debit_Card,21.62,8,0,1,0
28.36,entertainment,Walmart,Debit_Card,25.0,19,0,1,0
399.6,travel,Chevron,Credit_Card,4474.29,4,1,1,1
70.4,shopping_net,Starbucks,Credit_Card,5.51,19,0,1,0
1180.77,shopping_net,Walmart,Digital_Wallet,42.73,0,0,0,1
4825.56,misc_net,Unknown_Foreign_Store,Wire_Transfer,358.64,10,1,0,1
4008.59,misc_net,Unknown_Foreign_Store,Wire_Transfer,114.91,14,1,1,1
39.04,shopping_net,Chevron,Credit_Card,27.95,8,0,1,0
60.03,grocery_pos,Amazon,Debit_Card,7.24,8,0,1,0
35.07,gas_transport,Chevron,Credit_Card,4.16,19,0,1,0
13.86,gas_transport,Amazon,Digital_Wallet,28.52,15,0,1,0
34.91,shopping_net,Starbucks,Credit_Card,7.75,16,0,1,0
488.93,travel,Chevron,Credit_Card,3924.33,0,1,0,1
951.2,shopping_net,Unknown_Foreign_Store,Digital_Wallet,45.93,1,0,0,1
29.58,entertainment,Starbucks,Debit_Card,29.55,15,0,1,0
69.93,shopping_net,Walmart,Debit_Card,2.84,18,0,1,0
34.89,gas_transport,Amazon,Credit_Card,14.5,18,0,1,0
73.12,entertainment,Starbucks,Debit_Card,25.57,10,0,1,0
5106.48,misc_net,Unknown_Foreign_Store,Wire_Transfer,492.16,10,1,1,1
450.72,travel,Starbucks,Credit_Card,4640.22,9,1,1,1
1104.64,shopping_net,Delta Air,Digital_Wallet,41.28,1,0,1,1
46.23,grocery_pos,Amazon,Debit_Card,3.49,10,0,1,0
240.07,shopping_net,Walmart,Digital_Wallet,8.5,23,0,1,1
61.31,grocery_pos,Starbucks,Credit_Card,28.89,10,0,1,0
1136.95,shopping_net,Steam,Digital_Wallet,24.89,1,0,1,1
50.01,gas_transport,Chevron,Debit_Card,6.09,12,0,1,0
41.13,misc_net,Starbucks,Credit_Card,7.79,20,0,1,0
6508.31,misc_net,Starbucks,Wire_Transfer,191.37,9,1,1,1
43.97,gas_transport,Starbucks,Credit_Card,23.42,8,0,1,0
23.38,shopping_net,Chevron,Debit_Card,8.83,19,0,1,0
314.02,travel,Unknown_Foreign_Store,Credit_Card,786.43,22,1,0,1
63.91,grocery_pos,Starbucks,Debit_Card,17.7,13,0,1,0
22.98,gas_transport,Amazon,Credit_Card,8.06,8,0,1,0
22.84,grocery_pos,Starbucks,Debit_Card,29.93,19,0,1,0
59.12,gas_transport,Walmart,Debit_Card,21.38,20,0,1,0
3528.68,misc_net,Delta Air,Wire_Transfer,306.07,15,1,1,1
20.42,gas_transport,Chevron,Credit_Card,15.73,21,0,1,0
3878.35,misc_net,Walmart,Wire_Transfer,271.22,12,1,1,1
66.59,shopping_net,Walmart,Credit_Card,16.26,18,0,1,0
783.27,shopping_net,Walmart,Digital_Wallet,25.36,2,0,1,1
1277.65,shopping_net,Amazon,Digital_Wallet,25.39,1,0,1,1
1483.97,shopping_net,Walmart,Digital_Wallet,14.94,0,0,0,1
81.0,grocery_pos,Amazon,Credit_Card,19.72,12,0,1,0
1320.99,shopping_net,Chevron,Digital_Wallet,38.07,0,0,0,1
26.92,grocery_pos,Walmart,Credit_Card,3.33,17,0,1,0
1149.83,shopping_net,Amazon,Digital_Wallet,44.74,1,0,0,1
5543.51,misc_net,Unknown_Foreign_Store,Wire_Transfer,498.31,9,1,1,1
91.2,grocery_pos,Walmart,Credit_Card,24.32,19,0,1,0
72.59,gas_transport,Walmart,Credit_Card,8.68,15,0,1,0
56.05,grocery_pos,Amazon,Credit_Card,5.83,9,0,1,0
1110.55,shopping_net,Amazon,Digital_Wallet,20.92,0,0,1,1
59.81,misc_net,Chevron,Credit_Card,8.03,16,0,1,0
48.76,misc_net,Amazon,Debit_Card,17.67,20,0,1,0
462.26,travel,Starbucks,Credit_Card,2942.25,23,1,1,1
1238.64,shopping_net,Steam,Digital_Wallet,16.7,2,0,1,1
63.26,grocery_pos,Chevron,Digital_Wallet,3.69,17,0,1,0
37.34,entertainment,Starbucks,Credit_Card,2.23,20,0,1,0
71.46,gas_transport,Starbucks,Credit_Card,9.7,17,0,1,0
23.31,travel,Walmart,Credit_Card,10.14,16,0,1,0
61.16,travel,Amazon,Credit_Card,10.22,18,0,1,0
45.48,travel,Chevron,Credit_Card,27.89,19,0,1,0
1418.09,shopping_net,Walmart,Digital_Wallet,25.94,0,0,1,1
63.34,travel,Chevron,Credit_Card,28.67,9,0,1,0
220.16,travel,Walmart,Credit_Card,4882.57,7,1,1,1
-18.74,gas_transport,Chevron,Debit_Card,14.41,14,0,1,0
87.33,gas_transport,Walmart,Credit_Card,19.31,19,0,1,0
55.07,shopping_net,Chevron,Debit_Card,6.8,11,0,1,0
28.27,travel,Walmart,Credit_Card,2.42,12,0,1,0
15.12,grocery_pos,Walmart,Debit_Card,22.92,11,0,1,0
1319.76,shopping_net,Starbucks,Digital_Wallet,6.97,2,0,1,1
24.63,gas_transport,Starbucks,Credit_Card,25.85,16,0,1,0
426.8,travel,Steam,Credit_Card,2070.87,23,1,0,1
24.12,travel,Chevron,Credit_Card,2.6,19,0,1,0
22.39,grocery_pos,Walmart,Credit_Card,7.03,11,0,1,0
3754.51,misc_net,Amazon,Wire_Transfer,209.56,13,1,1,1
52.8,entertainment,Walmart,Credit_Card,16.78,15,0,1,0
321.3,travel,Starbucks,Credit_Card,2423.46,0,1,0,1
449.49,travel,Starbucks,Credit_Card,2521.33,1,1,1,1
57.91,grocery_pos,Amazon,Debit_Card,9.64,11,0,1,0
79.01,travel,Chevron,Credit_Card,19.46,10,0,1,0
447.68,travel,Delta Air,Credit_Card,980.09,7,1,1,1
28.15,gas_transport,Starbucks,Credit_Card,24.77,17,0,1,0
49.0,gas_transport,Starbucks,Credit_Card,23.54,13,0,1,0
348.49,travel,Unknown_Foreign_Store,Credit_Card,2216.84,1,1,1,1
158.37,travel,Chevron,Credit_Card,4219.92,8,1,0,1
65.67,gas_transport,Chevron,Credit_Card,9.52,15,0,1,0
1189.96,shopping_net,Unknown_Foreign_Store,Digital_Wallet,45.44,0,0,1,1
28.66,grocery_pos,Chevron,Digital_Wallet,7.38,13,0,1,0
283.47,travel,Unknown_Foreign_Store,Credit_Card,1519.07,23,1,1,1
57.01,travel,Amazon,Debit_Card,1.1,16,0,1,0
755.19,travel,Walmart,Credit_Card,3781.43,0,1,1,1
47.33,entertainment,Starbucks,Debit_Card,27.39,15,0,1,0
28.71,entertainment,Walmart,Credit_Card,21.06,8,0,1,0
307.41,travel,Walmart,Credit_Card,1742.98,15,1,1,1
4148.99,misc_net,Steam,Wire_Transfer,495.82,12,1,1,1
87.75,grocery_pos,Starbucks,Debit_Card,0.89,19,0,1,0
5079.0,misc_net,Amazon,Wire_Transfer,309.3,10,1,0,1
7189.68,misc_net,Starbucks,Wire_Transfer,354.42,15,1,1,1
25.04,grocery_pos,Chevron,Credit_Card,5.12,13,0,1,0
1040.44,shopping_net,Delta Air,Digital_Wallet,26.56,1,0,1,1
557.71,travel,Unknown_Foreign_Store,Credit_Card,860.29,23,1,1,1
4806.37,misc_net,Steam,Wire_Transfer,218.22,10,1,1,1
184.74,travel,Starbucks,Credit_Card,2787.86,7,1,0,1
25.67,grocery_pos,Starbucks,Debit_Card,25.69,18,0,1,0
1525.51,shopping_net,Starbucks,Digital_Wallet,6.41,1,0,1,1
86.02,grocery_pos,Chevron,Credit_Card,23.35,17,0,1,0
69.52,entertainment,Walmart,Debit_Card,16.35,16,0,1,0
423.98,travel,Steam,Credit_Card,4729.92,10,1,1,1
56.38,misc_net,Walmart,Credit_Card,18.32,16,0,1,0
914.24,shopping_net,Amazon,Digital_Wallet,37.24,23,0,0,1
795.57,travel,Steam,Credit_Card,1763.99,15,1,1,1
70.64,travel,Walmart,Credit_Card,1070.11,20,1,1,1
70.98,misc_net,Amazon,Digital_Wallet,24.72,15,0,1,0
450.9,travel,Starbucks,Credit_Card,1090.79,0,1,1,1
299.34,travel,Walmart,Credit_Card,2853.47,15,1,0,1
5017.86,misc_net,Chevron,Wire_Transfer,252.89,14,1,0,1
409.89,travel,Chevron,Credit_Card,1958.55,8,1,1,1
33.09,misc_net,Walmart,Credit_Card,5.71,17,0,1,0
5724.14,misc_net,Delta Air,Wire_Transfer,310.33,10,1,0,1
33.44,travel,Delta Air,Credit_Card,3101.43,2,1,0,1
11.51,gas_transport,Starbucks,Credit_Card,8.45,17,0,1,0
52.92,entertainment,Starbucks,Credit_Card,19.24,11,0,1,0
45.4,grocery_pos,Walmart,Debit_Card,25.05,13,0,1,0
39.06,shopping_net,Amazon,Digital_Wallet,14.3,16,0,1,0
27.88,gas_transport,Starbucks,Credit_Card,13.73,15,0,1,0
48.81,grocery_pos,Starbucks,Credit_Card,27.77,12,0,1,0
62.68,gas_transport,Walmart,Debit_Card,20.0,20,0,1,0
343.24,travel,Chevron,Credit_Card,1056.61,17,1,1,1
4388.75,misc_net,Walmart,Wire_Transfer,249.1,11,1,1,1
41.33,gas_transport,Walmart,Credit_Card,24.23,17,0,1,0
1387.44,shopping_net,Walmart,Digital_Wallet,28.14,1,0,1,1
30.35,grocery_pos,Amazon,Digital_Wallet,13.67,12,0,1,0
356.73,travel,Delta Air,Credit_Card,1016.85,2,1,1,1
23.67,travel,Starbucks,Credit_Card,12.82,19,0,1,0
1360.24,shopping_net,Starbucks,Digital_Wallet,37.09,23,0,1,1
89.21,gas_transport,Amazon,Credit_Card,25.97,9,0,1,0
1409.05,shopping_net,Walmart,Digital_Wallet,13.16,0,0,1,1
7.96,entertainment,Walmart,Credit_Card,17.48,18,0,1,0
29.89,shopping_net,Amazon,Debit_Card,28.18,19,0,1,0
41.07,grocery_pos,Amazon,Credit_Card,27.05,20,0,1,0
59.94,entertainment,Amazon,Credit_Card,0.95,11,0,1,0
1267.75,shopping_net,Unknown_Foreign_Store,Digital_Wallet,47.62,2,0,0,1
5059.31,misc_net,Chevron,Wire_Transfer,377.49,10,1,0,1
1085.2,shopping_net,Unknown_Foreign_Store,Digital_Wallet,29.33,1,0,1,1
62.81,travel,Walmart,Credit_Card,19.76,19,0,1,0
50.26,shopping_net,Walmart,Credit_Card,22.16,19,0,1,0
5559.96,misc_net,Chevron,Wire_Transfer,148.21,11,1,0,1
39.61,grocery_pos,Starbucks,Credit_Card,21.16,15,0,1,0
114.06,grocery_pos,Chevron,Debit_Card,27.47,9,0,1,0
37.79,shopping_net,Walmart,Credit_Card,8.7,21,0,1,0
5535.72,misc_net,Amazon,Wire_Transfer,227.31,14,1,1,1
52.71,gas_transport,Starbucks,Debit_Card,25.83,10,0,1,0
27.36,shopping_net,Starbucks,Digital_Wallet,20.32,12,0,1,0
41.13,travel,Walmart,Credit_Card,11.45,19,0,1,0
52.56,shopping_net,Starbucks,Credit_Card,14.24,19,0,1,0
3623.69,misc_net,Steam,Wire_Transfer,221.42,13,1,1,1
52.22,shopping_net,Walmart,Credit_Card,16.71,19,0,1,0
67.22,misc_net,Walmart,Credit_Card,21.18,17,0,1,0
862.78,shopping_net,Starbucks,Digital_Wallet,36.89,1,0,0,1
19.04,grocery_pos,Starbucks,Credit_Card,26.63,11,0,1,0
31.64,misc_net,Amazon,Digital_Wallet,11.36,8,0,1,0
1297.5,shopping_net,Starbucks,Digital_Wallet,30.49,2,0,1,1
929.93,shopping_net,Unknown_Foreign_Store,Digital_Wallet,12.08,1,0,1,1
858.59,shopping_net,Unknown_Foreign_Store,Digital_Wallet,19.01,23,0,0,1
59.9,shopping_net,Walmart,Credit_Card,28.46,12,0,1,0
6240.38,misc_net,Delta Air,Wire_Transfer,466.49,11,1,1,1
4405.24,misc_net,Delta Air,Wire_Transfer,113.62,15,1,1,1
1355.72,shopping_net,Delta Air,Digital_Wallet,23.6,0,0,1,1
724.27,travel,Delta Air,Credit_Card,3813.09,2,1,0,1
60.58,shopping_net,Walmart,Credit_Card,15.22,12,0,1,0
34.2,grocery_pos,Starbucks,Credit_Card,14.41,19,0,1,0
45.85,gas_transport,Starbucks,Credit_Card,28.57,10,0,1,0
23.5,grocery_pos,Amazon,Debit_Card,20.5,8,0,1,0
1581.25,shopping_net,Starbucks,Digital_Wallet,24.04,2,0,1,1
212.87,travel,Chevron,Credit_Card,3164.29,5,1,1,1
487.71,travel,Unknown_Foreign_Store,Credit_Card,3928.83,6,1,1,1
5055.63,misc_net,Starbucks,Wire_Transfer,137.18,16,1,0,1
104.75,gas_transport,Starbucks,Digital_Wallet,25.0,19,0,1,0
15.0,misc_net,Starbucks,Credit_Card,9.87,18,0,1,0
17.56,grocery_pos,Chevron,Credit_Card,28.29,9,0,1,0
55.64,grocery_pos,Amazon,Credit_Card,1.04,13,0,1,0
69.3,misc_net,Walmart,Debit_Card,17.7,21,0,1,0
61.33,travel,Amazon,Debit_Card,12.08,15,0,1,0
39.07,grocery_pos,Starbucks,Credit_Card,24.83,13,0,1,0
101.28,travel,Walmart,Credit_Card,4496.72,12,1,1,1
4481.56,misc_net,Amazon,Wire_Transfer,106.75,11,1,1,1
561.37,travel,Chevron,Credit_Card,717.9,14,1,1,1
-26.62,shopping_net,Walmart,Credit_Card,15.31,17,0,1,0
41.92,grocery_pos,Amazon,Debit_Card,12.63,21,0,1,0
34.95,grocery_pos,Amazon,Digital_Wallet,9.02,8,0,1,0
288.06,travel,Unknown_Foreign_Store,Credit_Card,2412.71,22,1,0,1
23.56,grocery_pos,Amazon,Credit_Card,13.86,14,0,1,0
49.91,grocery_pos,Starbucks,Credit_Card,29.72,18,0,1,0
26.15,entertainment,Amazon,Digital_Wallet,19.01,10,0,1,0
79.17,shopping_net,Amazon,Credit_Card,12.62,8,0,1,0
1492.75,shopping_net,Unknown_Foreign_Store,Digital_Wallet,33.74,1,0,1,1
51.26,gas_transport,Starbucks,Debit_Card,28.51,8,0,1,0
53.83,grocery_pos,Chevron,Credit_Card,21.92,16,0,1,0
3.02,gas_transport,Amazon,Debit_Card,5.3,15,0,1,0
16.11,misc_net,Chevron,Credit_Card,28.87,17,0,1,0
96.3,gas_transport,Walmart,Debit_Card,24.76,15,0,1,0
44.61,grocery_pos,Chevron,Debit_Card,26.36,20,0,1,0
997.76,shopping_net,Starbucks,Digital_Wallet,27.56,0,0,1,1
513.05,travel,Delta Air,Credit_Card,1299.29,16,1,0,1
35.27,shopping_net,Starbucks,Credit_Card,7.98,8,0,1,0
18.41,grocery_pos,Starbucks,Credit_Card,13.13,16,0,1,0
5030.06,misc_net,Steam,Wire_Transfer,104.68,10,1,1,1
44.82,gas_transport,Starbucks,Credit_Card,12.08,12,0,1,0
38.24,entertainment,Walmart,Debit_Card,20.39,13,0,1,0
521.15,travel,Amazon,Credit_Card,3617.76,17,1,1,1
5596.08,misc_net,Steam,Wire_Transfer,341.05,16,1,0,1
1051.4,shopping_net,Steam,Digital_Wallet,34.34,23,0,0,1
40.65,travel,Walmart,Credit_Card,7.45,12,0,1,0
